,latitude,longitude,SB_score,CLSS,SB_worker_score,PR_per_PY,y_label
0,35.38095868063523,129.3416943758689,29.796767,3,11.28794425,1879606.8796068798,0
1,35.38362567569446,129.34504083870914,78.290981,4,3.44032305,2439038.6869871044,0
2,35.401375018055845,129.2880853494827,106.704431,4,0.9324160359999999,2319934.818033677,0
3,35.404102371207706,129.28592679814656,61.260468,2,5.8670733020000005,3380988.593155893,0
4,35.40412584561248,129.28372512904042,64.34601500000001,4,3.6280838,2211867.6302776723,0
5,35.40413756777167,129.28262429353327,46.15798399999999,4,8.293141235999999,3271311.120726958,0
6,35.40414927990203,129.2815234573908,40.44586399999999,5,2.6352900000000004,3263792.304126101,0
7,35.406853124275216,129.28156635789153,105.55998899999999,4,15.690818121,2302904.5643153526,0
8,35.40686482753925,129.28046548437,150.03911200000002,3,3.578585769,2448230.6684141546,0
9,35.40953352844816,129.28381108274212,38.161393,5,1.16200695,2831749.0494296583,0
10,35.410446533309376,129.2827244893341,38.82925499999999,4,1.8254142,2201353.6379018608,0
11,35.41050500722426,129.27721987355707,46.713636,3,4.200176381,1820058.9970501475,0
12,35.41051667191357,129.27611894850108,53.51174500000001,4,1.0057332,2358383.8383838385,0
13,35.42276817539149,129.31045210264062,32.852829,4,3.197524,1736672.0516962844,0
14,35.43361928550644,129.30732404909358,134.313615,4,1.4573964519999998,1648013.9170774138,0
15,35.434544435852,129.30513617356243,33.335445,3,0.7314963999999999,4376106.194690267,0
16,35.437188454210755,129.31068628607878,34.404018,4,1.5182772000000002,2106719.3675889326,0
17,35.43724824134386,129.30517991163978,68.36054,4,1.9407366999999995,2899543.378995434,0
18,35.45184646556283,129.28889111452938,40.5488,4,1.7509155930000002,1783323.8797504257,0
19,35.45450304389401,129.29334040927222,52.42658700000001,3,2.6377919999999997,2393514.460999124,0
20,35.45451486818216,129.29223889218306,105.121486,3,4.46075965,2476935.7495881384,0
21,35.45452668242305,129.29113737445266,100.98512,4,3.09275075,2429915.333960489,0
22,35.455427953096425,129.29115180780104,52.512056,2,0.643572,2393458.8701684843,0
23,35.47213132091157,129.40932685862063,118.01243600000001,2,2.018837,3175285.9273993038,0
24,35.475710406321234,129.41159341457907,39.55049,4,5.529422800000001,4264849.074975657,0
25,35.47572331623019,129.4104916622264,34.430957,5,21.96305085,4283727.3991655065,0
26,35.4766245392456,129.41050743890216,27.697631,3,9.295909099999998,5204545.454545454,0
27,35.47837527976706,129.4149461470221,53.24440499999999,5,22.267815444,4201626.016260163,0
28,35.47840115241975,129.41274257209142,100.909886,4,5.23152568,2987700.335445397,0
29,35.479263548813904,129.4160637736594,115.868977,4,24.671654080999993,4212445.804641673,0
30,35.48012585200338,129.4193850433415,76.940825,4,1.98456075,2554653.937947494,0
31,35.480164769128095,129.4160796145882,131.150576,4,25.915064550000004,2516186.4105300605,0
32,35.48017772139295,129.4149778035966,34.448209999999996,5,24.9825767,4231319.554848966,0
33,35.48025522382514,129.40836692291026,121.22614699999998,4,5.320195116,3334443.099273608,0
34,35.48106598930167,129.4160954562202,114.82626699999999,3,2.177741,2305003.4270047983,0
35,35.481889279434796,129.42272229720956,37.532389,2,8.841117050000003,5036390.101892285,0
36,35.48203187438622,129.41060211366536,63.817069,4,2.0785962,4321248.741188319,0
37,35.482764438809156,129.42494189915328,66.1793,5,6.216502449999999,3263532.2007111814,0
38,35.48280351063543,129.42163637036103,118.404835,4,3.0693268500000004,3944300.518134715,0
39,35.48292018309173,129.41171974591757,65.545363,4,1.4403984500000002,6123443.421765025,0
40,35.48293309641767,129.4106178952443,72.70329100000001,4,0.7016384999999999,5987005.9556036815,0
41,35.48363955609406,129.42716154814147,65.16439199999999,3,8.02897935,2747126.436781609,0
42,35.483717732500104,129.42055041892866,91.53419699999999,4,6.600863749999999,4243107.769423558,0
43,35.48373072670424,129.41944856158736,59.910352,4,6.176678699999999,4937674.4186046515,0
44,35.484233029338235,129.29491978105176,108.510372,4,12.159562800000002,2897585.816672954,0
45,35.48455382637517,129.4260756501217,63.726089,3,12.5792212,2306990.881458966,0
46,35.48460594570328,129.42166818147382,62.75264399999999,3,11.9634866,4562467.053241962,0
47,35.484644929605174,129.41836257257202,108.15180900000001,4,0.9434502,3943933.294997125,0
48,35.484657904125854,129.41726070152842,37.826634000000006,3,3.89378375,3852443.6090225563,0
49,35.48467086858983,129.41615882978098,52.423348,3,4.62588455,4904472.667034787,0
50,35.48554614821765,129.41837844230744,115.23571000000001,3,0.1755211,2700460.829493088,0
51,35.48555912316749,129.41727655897043,98.243739,3,2.27359595,2543689.3203883497,0
52,35.48557208806033,129.4161746749295,93.125038,4,0.95601655,2766200.7623888184,0
53,35.48558504289615,129.41507279018518,34.071964,3,2.2294275000000003,2363004.1724617523,0
54,35.485623847061156,129.4117671317372,82.00561699999999,4,7.50217575,3315589.3536121673,0
55,35.48635625743228,129.42610756240708,46.082926,5,0.9808978,2383341.695935775,0
56,35.486382338934824,129.4239037803235,38.502831,3,6.83009815,2083606.5573770488,0
57,35.4864343812531,129.4194962076738,51.564194,3,12.1211821,2739700.374531836,0
58,35.48644736668947,129.41839431274738,65.706294,4,18.3689999,2774436.090225564,0
59,35.486885144218476,129.21340302325314,67.889837,2,7.713930782,2012345.6790123456,0
60,35.48725747274976,129.42612351961225,25.533998,5,0.49046300000000004,4323529.4117647065,0
61,35.487296581211325,129.42281780854282,53.181034,3,0.140073,2048720.0660611063,0
62,35.48730959725008,129.42171590343878,44.98458599999999,3,8.572713199999999,2339522.546419098,0
63,35.48732260323121,129.42061399762855,83.962587,4,5.238970349999999,2536867.7635588055,0
64,35.48733559915476,129.41951209111272,82.80236,3,8.1101662,2688901.0388190267,0
65,35.487797540942886,129.2123146010129,81.47305899999998,1,9.919455288000002,2016556.2913907284,0
66,35.488158687926514,129.4261394775258,42.022324,5,0.49816875,4230905.861456483,0
67,35.48862030688123,129.30601204281626,14.046170000000002,4,8.46638865,2924675.324675325,0
68,35.489112030911244,129.42174772161292,40.94769900000001,3,1.4940556,2350877.1929824557,0
69,35.489125037752814,129.42064579121222,114.327207,4,6.0750123999999985,2776244.9528936744,0
70,35.489151021261094,129.4184419282943,59.006271,4,2.9812214,3286229.2718096613,0
71,35.48994806029337,129.42727333463802,35.686393,4,4.1351169,4211267.605633803,0
72,35.49002625480261,129.42066168906268,43.97319399999999,2,8.535866749999999,4891061.452513967,0
73,35.490052239170325,129.41845780155248,44.953193,4,1.4853773999999995,3020242.9149797573,0
74,35.49086233261255,129.42618735551702,58.468853,3,19.10097215,4551203.133743703,0
75,35.49095345693892,129.4184736755153,313.202125,2,2.2415197,2458593.2458593245,0
76,35.491156067153774,129.23661393814334,46.13863,5,3.028006198,3102730.819245774,0
77,35.491776595595624,129.42510135180245,60.293896999999994,2,4.666736599999999,2102803.738317757,0
78,35.491854674566866,129.41848955018278,253.53265499999998,2,5.5183315,2568181.8181818184,0
79,35.492703877923326,129.42291334531842,52.24613999999999,2,6.1418235,3835130.970724191,0
80,35.49272990510796,129.42070938684836,104.925174,3,4.9570506499999984,3120085.015940489,0
81,35.49274290361087,129.41960740655432,173.32589099999996,4,13.467108300000001,3422404.753582664,0
82,35.49275589205417,129.418505425555,110.889509,4,4.0114322,3632590.0514579765,0
83,35.49295863547755,129.23664162673109,34.109619,5,5.010841323,2830882.3529411764,0
84,35.493657109400786,129.41852130163196,193.27394099999998,4,4.42,3985931.0344827594,0
85,35.49455832660678,129.41853717841366,228.27640899999997,4,5.328156849999999,3601125.51159618,0
86,35.49535534411879,129.42736917928605,36.272464,4,3.603015,4861370.716510903,0
87,35.495459543672105,129.41855305590016,97.491265,4,33.24855035,3892742.9274292737,0
88,35.49805898413162,129.4274171111838,83.81290299999998,4,11.321877215999999,4385700.389105058,1
89,35.498176174983456,129.41749863708657,94.45835499999998,4,5.4076546,4181329.235497503,0
90,35.499077391915456,129.417514505091,110.83698500000001,4,0.6194518,3679684.071961386,0
91,35.49992662106092,129.42193868999192,50.947448,3,40.330011,2430267.06231454,0
92,35.49997860870679,129.41753037379985,113.208871,3,10.5997638,3679684.071961386,0
93,35.49999158046247,129.41642829298937,94.154212,4,4.735151913999999,3642972.53634895,0
94,35.50077568562568,129.42636296271192,67.29664,3,4.5648336999999986,2763222.131814483,1
95,35.501676898691585,129.42637893125482,41.828496,2,22.998444350000003,2571428.5714285714,1
96,35.503453186249686,129.42861511708566,51.070838,3,69.46140299999999,3706443.9140811455,1
97,35.503518456152094,129.42310449522407,59.711631999999994,4,1.5783863879999998,3417035.9428852783,0
98,35.50354449366829,129.4209002415245,28.844716,4,1.548492,3922603.342128408,0
99,35.50357049093007,129.41869598500008,110.381386,5,0.3681552,4394548.394548395,0
100,35.50390578222253,129.3095671845115,50.765572999999996,4,3.5886664,2685135.855087906,0
101,35.50435439802896,129.42863111236446,152.405178,3,10.3513196,4906781.397254662,0
102,35.50438053704485,129.42642684113682,55.068195,3,9.856990300000001,2795698.9247311833,0
103,35.504432694310495,129.42201829017836,65.468819,3,3.1424250500000004,3490151.941474395,0
104,35.50444570846718,129.42091615067042,44.779741,3,0.251508,3881936.2455726094,0
105,35.504471706588724,129.4187118695364,48.583159,4,2.630659718,3088495.5752212387,0
106,35.504795041715056,129.31068404583772,185.328011,4,22.467827456,3371561.574269996,0
107,35.50524130830427,129.08469676334582,85.975382,4,0.0,1402141.0925061763,0
108,35.50526868463969,129.42754496078913,84.26566199999998,3,2.1106495,3260700.3891050583,0
109,35.505281749547784,129.42644281251538,49.008425,4,2.3660407,4770776.255707762,0
110,35.50615257215814,129.0836066115917,52.46278099999999,4,0.41967045,1560118.5436071127,0
111,35.506182961909964,129.42645878460291,48.967078,3,23.52336575,2398190.045248869,0
112,35.50704494662036,129.4297812739274,39.922332,5,15.818959489000001,4077272.727272727,0
113,35.507058032522174,129.42867910246142,55.348089,2,13.868671190999999,4279132.791327913,0
114,35.50707110835919,129.42757693028528,68.43181799999999,3,3.89128535,3905882.3529411764,0
115,35.508860454813814,129.42871109941015,124.300143,3,9.317487519,3305335.2559480895,0
116,35.508873531515654,129.42760890261988,65.69306,3,2.6745231,5258525.852585259,0
117,35.508886598152046,129.42650670511995,147.84069899999997,5,0.0905828,5102233.817055275,0
118,35.50928931184724,129.3118597015806,134.693996,5,92.151631653,3971577.9157138187,0
119,35.50981391389068,129.42431825830127,21.361178,4,3.93323335,4909090.909090909,0
120,35.50982695076161,129.4232160463676,48.678607,4,0.0,3598768.8864017907,0
121,35.51070207904407,129.4254364328514,80.676789,4,1.160817,4969338.751385299,0
122,35.51071512641232,129.4243342093173,79.340686,5,0.12437325,4588607.594936709,0
123,35.51076721522307,129.4199253081053,201.896959,4,3.57,2997421.7311233887,0
124,35.511603290993534,129.42545239688462,46.099585999999995,4,19.15520555,5012285.012285012,0
125,35.511629376526386,129.42324792449008,59.678369999999994,3,16.831417863,4797773.654916512,0
126,35.511944934154165,129.31631295364883,11.355972,3,0.1231912,1252459.0163934426,0
127,35.51251755103338,129.4243661134737,140.12471000000002,5,5.787501270999999,5888065.982157886,0
128,35.51285823831733,129.31522539563684,50.608963,4,9.76879055,2927941.176470588,0
129,35.5134057144702,129.42548432707707,139.73982,5,2.8169862,6400435.255712731,0
130,35.51341876313283,129.42438206661407,150.87501899999995,5,3.0630138,6408284.023668638,0
131,35.513516548311145,129.33728631648654,32.859133,3,5.79062245,2713754.6468401486,0
132,35.513747440111864,129.31634244487662,51.19731399999999,5,8.36,2583631.484794276,0
133,35.513759491624775,129.31524012926542,89.935005,5,7.504841484999999,3083895.3331534923,0
134,35.51425462894609,129.42990937723783,35.692349,4,5.6848384,2583419.689119171,0
135,35.5143069259974,129.42550029323638,156.23520799999997,5,3.4522116,6378873.013324771,0
136,35.51439327679429,129.33950592581593,43.388524,2,4.87803085,1704035.8744394619,0
137,35.514442269820684,129.3350966655776,57.435001,2,7.0892658,2146179.4019933557,0
138,35.51466074479239,129.3152548635481,84.58183100000001,5,2.9039152,2795247.305885604,0
139,35.514672786634605,129.3141525349696,68.54989799999998,3,2.79706335,2935269.709543568,0
140,35.51533128206604,129.33621395052668,48.894958,2,0.3641156,2244262.295081967,0
141,35.51534351562396,129.33511162215663,55.601432,3,1.11312225,2238289.205702648,0
142,35.51557404006057,129.31416725759263,107.26835200000001,4,14.161865049999998,3023665.659617321,0
143,35.51648732591546,129.31307962700916,0.6962149999999999,5,11.098826699999998,3195606.6945606694,0
144,35.51649934841435,129.31197727249594,73.900198,4,8.966568413000003,3152501.3448090367,0
145,35.51715823110767,129.3340391836446,88.048677,3,3.463163,4653668.54797332,0
146,35.5174006023561,129.31199197179646,91.684314,4,0.653733221,3144495.4128440367,0
147,35.51805947689515,129.33405412990078,128.747226,4,2.2236563,4738100.932791199,0
148,35.51821748161912,129.31972331201916,51.013413,4,1.7264522000000002,7398705.501618123,0
149,35.51909453404577,129.32194287193082,58.280913,4,9.291401800000001,3311125.916055963,0
150,35.51920310982007,129.3120213723552,139.162116,3,56.8116951,3306578.4029788994,0
151,35.5198741834891,129.33298163313194,36.733942,2,26.276732899999995,5045400.9433962265,0
152,35.52004414218465,129.31754808595622,81.501921,4,23.496832322,7058601.782042495,0
153,35.52010436334233,129.31203607361348,47.268059,4,2.607093,3011494.252873563,0
154,35.52077542926049,129.3329965690623,89.92067,3,0.622659,4320553.111250786,0
155,35.52090913882863,129.32087008594834,154.132466,4,1.667742047,4640474.663245671,0
156,35.52094539357584,129.31756284945223,76.46526800000001,2,33.1184816,7037912.087912087,0
157,35.5217254391636,129.3286018354085,36.291247,4,2.9863912,4961448.598130841,0
158,35.52182248426828,129.31978246322566,149.53771500000005,5,0.6235884,6030689.135498012,0
159,35.52184664482716,129.31757761360365,22.881837,4,24.2201758,2576879.910213244,0
160,35.52188281012688,129.31427033425626,78.307239,4,17.297413984000002,2970340.2151788315,0
161,35.52190686996739,129.31206547808804,103.21291999999998,3,2.295793424,3094063.222821897,0
162,35.52259012696219,129.331924014026,47.922909,3,8.560718799999998,2469982.8473413377,0
163,35.52262668626738,129.32861672339425,52.86019200000001,3,2.57460295,5819272.291083568,0
164,35.52263885255858,129.3275142918611,30.983109000000002,3,2.10305495,3315091.210613598,0
165,35.52273582029577,129.31869481586753,58.475914,4,7.069120699999999,6938395.4154727785,0
166,35.52278406243411,129.31428506210887,71.46694600000002,4,60.48691059999999,2535099.3377483445,0
167,35.52280812307015,129.3120801813044,70.691687,3,6.79739865,3092654.424040067,0
168,35.523612888566554,129.32091449123092,67.36770299999999,6,1.7417399999999998,8153846.153846154,0
169,35.52363707086807,129.31870959364846,64.77299500000001,5,8.842295250000003,6775704.105870376,0
170,35.523649146910174,129.31760714387286,73.16202,4,7.774808806999999,3133071.5532286214,0
171,35.52446565112441,129.32533913085683,35.305023,3,7.09411215,2914893.617021277,0
172,35.52450203153972,129.32203175443078,78.237584,5,2.9532522,5847658.402203858,0
173,35.52452623478632,129.31982683352402,26.584083,2,34.23455135,3731707.3170731706,0
174,35.52458656662904,129.31431451977565,43.054614,3,0.844533,3517979.4520547944,0
175,35.52461062885622,129.3121095896953,139.23256700000002,4,4.2477662500000015,3476606.484177829,0
176,35.525281656017555,129.33307125866048,45.597716999999996,4,0.8050306000000002,3182467.5324675324,0
177,35.52539116349934,129.3231490422693,136.325275,3,30.374733600000003,5963495.145631067,0
178,35.52540328063236,129.32204657048266,68.818421,3,9.819510000000001,2753768.8442211053,0
179,35.525487818516744,129.31432924958986,31.238070000000004,3,2.0643653000000004,3022471.91011236,0
180,35.526195109142286,129.33198372040744,50.756648,3,2.779547533,6170255.720053837,0
181,35.52623167328291,129.32867628194694,15.138271,4,4.824395999999999,2924855.49132948,0
182,35.5263045295851,129.32206138719224,108.54224199999999,5,15.949272199999998,6073026.015518027,0
183,35.52631663704536,129.32095890242778,114.58514099999998,4,9.22090025,6114280.245022971,0
184,35.52641313408296,129.31213900069736,17.267564,5,8.66925765,3904336.734693877,0
185,35.52713291968686,129.3286911732377,62.592195,2,0.6243335999999999,3125921.375921376,0
186,35.527229984045306,129.31987120973196,42.051582,5,12.44563815,7926283.680732079,0
187,35.52724207175835,129.3187687113328,116.92043600000001,3,0.800574,8072876.932342903,0
188,35.52725414939765,129.31766621227752,98.17858599999998,4,5.6317515,7285104.653525706,0
189,35.527314386486566,129.31215370717766,49.563179,4,21.040090600000006,3558343.7892095363,0
190,35.527326403682736,129.31105120419684,10.003222999999998,4,12.047951200000002,3876739.5626242543,0
191,35.52733841080498,129.30994870056378,51.242059000000005,4,26.7049149,3914447.1347861183,0
192,35.52735040785328,129.30884619627878,90.872887,5,29.9447887,4414204.715010445,0
193,35.527410241985024,129.30333366509646,41.80209,3,24.6611482,11021078.956770277,0
194,35.5274221785893,129.30223115691228,6.581501000000001,6,2.6054433,6519289.9408284025,0
195,35.52748171049913,129.2967186062829,35.913478000000005,5,2.779537527,9421596.244131457,0
196,35.527505452744045,129.2945135815107,31.149586,2,6.0101378,5670817.120622568,0
197,35.52804633465582,129.32760355973826,71.990773,4,15.475174,3703904.5553145325,0
198,35.528070641843854,129.32539854685473,74.130344,2,4.0978759999999985,3425049.3096646937,0
199,35.52816746763426,129.31657846898537,43.667926,4,0.207951714,4114231.014677728,0
200,35.52821563875036,129.31216841431083,10.862683,5,7.10819425,4758812.615955473,0
201,35.528251661308005,129.30886086644747,3.560002,4,73.98359629999997,4343902.439024392,0
202,35.52827562597504,129.30665583128126,106.36013600000001,4,9.8564246,9373078.520980474,0
203,35.52837108166842,129.29783566465312,120.597907,7,1.4327638,7033924.205378973,0
204,35.52838296829513,129.29673314091275,29.034765000000004,3,1.389784502,9504302.925989673,0
205,35.528406711325005,129.29452809149677,69.762591,5,8.664079518000001,4441139.636819037,0
206,35.52895974021515,129.32651592159627,46.51522099999999,4,17.58295815,4542406.311637081,0
207,35.528971889173825,129.32541340250282,103.119053,5,24.474787,4908949.416342412,0
208,35.529020384264996,129.32100331953959,107.098106,5,11.148420000000002,6449202.024133904,0
209,35.5290566498021,129.3176957504134,68.09296799999998,3,1.5779063,8246965.257429888,0
210,35.52906871816557,129.3165932260593,27.600164000000003,4,1.4597767539999995,3679738.5620915033,0
211,35.52911689087429,129.31218312209694,45.077408,4,1.4006143999999998,2790123.456790124,1
212,35.52912634328761,129.39157895670192,117.304291,5,1.32541505,5112823.674475957,0
213,35.52914091678133,129.30997806619598,17.017802,4,30.35830485,2162406.015037594,1
214,35.52921275271131,129.30336288286614,42.78013099999999,4,9.661471349999998,2952931.461601982,0
215,35.529307969766286,129.294542602127,60.33582199999999,4,24.099199300000002,4460204.885736802,0
216,35.52986098700353,129.32653079022603,350.628772,4,1.28,4593291.404612158,0
217,35.529873136363875,129.32542825881043,94.089986,2,36.44041370000001,4630991.464215363,0
218,35.529909523996835,129.32212066060856,118.009796,5,4.399025399999998,5338146.811070999,0
219,35.529933732045194,129.3199155918503,119.06133600000001,5,6.6614288,5920019.870839543,0
220,35.52994582095724,129.3188130564857,79.545386,4,18.1612423,4293374.019180471,0
221,35.53000611439533,129.3133003698299,42.77140599999999,5,1.80094685,4885135.135135135,1
222,35.53002756564781,129.39159455298028,132.97556699999998,5,24.002244,5030485.762144053,0
223,35.530030161246536,129.31109529058915,46.527976,4,9.64129985,2583740.559751222,1
224,35.53006615596139,129.30778766683622,26.782208,5,74.31087335,4373759.647188534,1
225,35.530185483467925,129.29676221210838,119.734763,6,20.093060621,5891363.81398984,0
226,35.53019736080548,129.2956596630773,29.611643,5,9.31799385,4558064.516129033,0
227,35.53022108525499,129.2934545630815,68.54384300000001,4,7.554692603999999,4909661.667247995,0
228,35.53024476940364,129.29124946051095,90.99622099999999,5,14.781480997000001,8453987.73006135,0
229,35.5304763812323,129.43019777607444,69.229524,5,14.270112949999998,3324336.9008841324,0
230,35.53059107911945,129.3419812022928,211.02962799999997,5,28.38121065,4178867.6008006874,0
231,35.530737903902995,129.32875074501177,55.082252000000004,3,3.2591925499999994,4573489.630297566,0
232,35.530774383413984,129.32544311577752,169.835873,2,5.605,4639616.377720399,0
233,35.53081077224997,129.3221354806073,73.409962,5,33.8949347,5208154.506437768,0
234,35.53082288171187,129.321032934234,163.413055,4,4.7938876499999985,5613906.9693602165,0
235,35.530834981098685,129.3199303872033,96.187062,5,13.0601544,5825320.512820512,0
236,35.5308712188085,129.31662274217248,65.111254,5,5.5153275,4533990.84184572,0
237,35.530941532441,129.3905076337729,18.062959,2,7.9663672499999985,3097112.860892388,0
238,35.53097938787743,129.30669977175899,20.024834,4,136.09670595,2580419.5804195805,1
239,35.53099135628647,129.30559721623226,23.491925,4,25.92637067,4357142.857142857,0
240,35.531062955157815,129.2989818694466,17.617887,8,17.431138699999998,9368421.05263158,0
241,35.531134191312525,129.29236649938932,35.494955,6,7.7013913999999986,9602643.171806168,0
242,35.53145538587017,129.34530388106657,206.0854,5,4.8660348,4184980.237154151,0
243,35.53151689232696,129.33979115055843,56.24102499999999,5,51.02168795000001,3579175.704989154,0
244,35.53165131992139,129.3276630848673,160.067329,3,19.71260505,4764966.740576496,0
245,35.53166348016041,129.32656052946584,61.134742,4,3.588,5395370.807746812,0
246,35.53167563032414,129.32545797340418,212.91254500000002,3,5.04,4853923.205342237,0
247,35.5316877704125,129.324355416683,69.508752,5,14.80151625,4724540.901502504,0
248,35.53178452840515,129.31553493923366,25.770792,5,9.589072300000002,4106969.205834684,1
249,35.53183266558989,129.31112468477934,22.212721,5,8.92722655,4601607.347876005,1
250,35.53188064156528,129.30671441988542,64.014666,4,88.26515140000001,5092112.520683949,1
251,35.53196421160851,129.2989964313058,27.969856,7,5.83392285,9381818.181818182,0
252,35.532106325895555,129.28576552014746,47.378476000000006,5,26.47398675,8020475.319926874,0
253,35.53246673872295,129.2515852421341,9.00104,4,0.39837,5611650.485436893,0
254,35.53255256588787,129.32767796780124,50.831714,3,52.61721935,4815107.913669065,0
255,35.53257687709432,129.32547283169043,27.941373,6,0.0,6024878.312601406,0
256,35.53269782858347,129.3144471116471,37.966338,4,8.9126685,1980952.3809523808,1
257,35.53273123188538,129.3916413459697,62.49150600000001,2,0.8953938000000001,1858218.3186951063,0
258,35.532733917551816,129.3111393828532,36.182702,7,2.80568065,6450354.609929077,1
259,35.532743977301564,129.39053880514692,30.611829,2,5.50761835,1707154.7420965058,0
260,35.53275671264293,129.38943626363226,160.72409700000003,3,15.990434550000002,3210355.987055016,0
261,35.5328177724866,129.30342132618856,44.220618,5,5.12,2874308.300395257,0
262,35.5328535591754,129.3001135778768,57.380372,3,1.7598146000000001,3785714.2857142864,0
263,35.53288925517923,129.2968058237417,30.530292,7,3.6866635999999997,9653116.531165313,0
264,35.53290113369487,129.29570323773842,99.877812,6,3.4188622000000004,5472169.238772325,0
265,35.533465972757455,129.32659027134622,36.067875,6,392.3068642,6000811.03000811,0
266,35.533478123724564,129.32548769063638,40.595456,6,66.3955905,5592517.98561151,0
267,35.533490264615665,129.3243851092669,55.887581999999995,5,70.33248395,6008846.947803007,0
268,35.533514516169795,129.32217994455118,23.090869,4,95.447389299,2546275.39503386,0
269,35.533587029006185,129.3155644346293,34.232536,4,4.3082694,2879565.6465942743,1
270,35.53362314939629,129.31225667082214,19.414262,4,200.7617762,6448467.966573816,1
271,35.53364519952112,129.39055439187175,54.439205,2,0.0,1824133.50449294,0
272,35.53370707763755,129.30453853243966,26.811611000000006,5,1.776,5217628.705148206,0
273,35.53386163443881,129.29020476261084,106.989124,5,1.7994904000000005,5579281.567489115,1
274,35.53387345288775,129.28910216042135,77.925097,5,30.344275257,5869082.840236686,1
275,35.53388526126008,129.28799955759027,36.45611,6,14.486092499999998,3964788.732394366,1
276,35.53390884777476,129.28579435000546,78.59365199999998,5,19.556265265,4174414.8765630014,1
277,35.53412207546979,129.34865686459742,1.233073,4,4.534764,8169068.203650337,0
278,35.53440364272347,129.3232973621939,37.613465000000005,3,25.761651618000002,2619883.0409356724,0
279,35.53441576386322,129.32219476718174,48.724133,3,10.248423,2725050.916496945,0
280,35.534476218415776,129.31668178226136,49.988883,4,21.2437946,3943025.540275049,1
281,35.53454843135452,129.3100661787379,22.552020000000002,4,49.6035674,2393835.6164383558,1
282,35.53463222129734,129.30234794496857,22.646423000000002,4,2.20710955,3063879.2102206736,0
283,35.53465607059067,129.30014272947824,6.970123999999998,4,4.6604918999999985,3898450.9466437176,0
284,35.534691768954794,129.29683490139084,86.14596099999999,8,3.057529906,9667590.987868283,0
285,35.53471551748008,129.29462967943778,123.199173,4,7.972669284,4628387.096774193,1
286,35.53476289360805,129.29021922780348,5.391677,3,2.8210769500000006,9151861.766853247,1
287,35.534786521210435,129.28801399813108,35.19002599999999,5,1.166249,4062192.1182266013,1
288,35.53509001196497,129.25934578062854,63.705659999999995,5,0.69345,7180152.671755725,0
289,35.53537746796788,129.31669654392178,93.872659,3,5.5127899000000005,2562314.5400593467,1
290,35.5354616839125,129.3089782512451,36.664799,3,4.6096456,2761732.85198556,1
291,35.53554540608632,129.30125992664472,90.39694399999999,3,7.329781,3298691.3010007693,0
292,35.53559302563298,129.29684944118364,108.016856,6,8.008,4137547.3484848486,0
293,35.535604905326764,129.29574681820327,108.07779999999998,4,0.9686886,4336906.584992344,0
294,35.535616774943385,129.29464419457796,47.904939,4,15.85621335,4628884.826325411,1
295,35.53566415263761,129.2902336936383,9.856892,4,0.6263278999999999,9863783.783783784,1
296,35.53596206924936,129.42367855626566,85.33450500000001,4,51.93522814999999,3281747.6521028993,0
297,35.53606035299547,129.2527440243195,114.35001199999998,4,2.46132,3103635.843114801,0
298,35.536206136889064,129.3233270340809,65.492288,3,8.752774800000001,2215483.870967742,0
299,35.536254564191495,129.31891655147928,25.617157000000002,4,43.73297585,7948096.885813149,1
300,35.53630283026008,129.31450605837432,38.389119,3,67.7645052,2237569.060773481,1
301,35.53636293610886,129.30899292727622,69.715991,3,0.6705821999999999,2426031.746031746,1
302,35.53643473057666,129.302377148464,24.606531,3,4.627361915,3040590.405904059,0
303,35.536446661050476,129.3012745163899,15.314572,3,11.5327224,3516099.3560257587,0
304,35.53645858144691,129.30017188366807,43.785315000000004,4,10.0423966,3056507.936507937,0
305,35.53647049176588,129.29906925029908,64.491884,3,2.1107171,3224354.7319655856,0
306,35.536482392007386,129.2979666162835,63.781899,4,5.67,3309032.5538743692,0
307,35.536506162257965,129.29576134631466,129.418791,5,0.0,4032642.5820649182,0
308,35.5365654115275,129.29024816011528,87.292862,5,2.56328444,5461198.970209636,1
309,35.53658904069217,129.28804288113608,164.99152,6,12.008803822,4311030.741410488,1
310,35.53659694915048,129.10607412710885,19.698204,3,0.094302,1712538.2262996943,0
311,35.536892551513844,129.25937402262372,54.313711,5,2.3808450000000003,6488581.314878892,0
312,35.536904088954266,129.2582713656945,61.087627000000005,3,0.6125475,7621621.621621623,0
313,35.53692433935905,129.33988127152242,175.128154,3,38.0860718,7968603.874415497,1
314,35.53695013793421,129.25386073171916,78.59182,5,25.4009258,3298642.533936652,0
315,35.536985606090234,129.33436815459982,62.469069,5,56.003381396,4988326.848249028,1
316,35.53699782920502,129.33326552922063,75.82733199999998,5,32.050435345000004,4424825.174825175,1
317,35.537179966652424,129.3167260692086,18.384933000000004,3,14.246255402000001,2347417.840375587,1
318,35.53720408032956,129.31452079669177,36.17067100000001,3,17.938881556,2196286.472148541,1
319,35.537216122051845,129.3134181594516,37.26860899999999,4,7.58748084,4753507.0140280565,1
320,35.537252186753385,129.3101102438108,29.20871,4,5.66157021,4288888.888888889,1
321,35.53732404406065,129.3034943949371,47.586403000000004,4,0.7127994499999999,6312471.44814984,0
322,35.53733598500664,129.3023917511841,45.651551,3,2.24014305,2753344.481605351,0
323,35.5373479158749,129.30128910678278,48.06197999999999,4,5.5989816,2715328.4671532847,0
324,35.53735983666538,129.30018646173372,59.544164,4,6.0877926,3354823.0731943767,0
325,35.5373717473781,129.2990838160375,3.773168,4,14.307532950000002,3199152.5423728814,0
326,35.53738364801301,129.2979811696946,43.708377,3,2.1420665000000003,3438395.4154727794,0
327,35.537431149774406,129.29357057786765,52.192763,6,2.501638616,4485464.295794523,1
328,35.53745484018786,129.2913652780886,82.61264100000002,6,4.941533530999999,4256187.581415545,1
329,35.53775143661074,129.42481306920538,32.546437,3,20.002623250000006,1933085.501858736,0
330,35.53776448685043,129.42371047545268,46.832469,2,9.038671549999998,5528260.869565218,0
331,35.53785140940326,129.2538747920153,79.826916,3,5.1014055,2938325.9911894267,0
332,35.53791128575757,129.3321778393846,86.550055,5,11.19499155,3608759.124087591,1
333,35.53799649767448,129.32445935226144,27.260467,4,24.6512969,2587341.7721518986,0
334,35.538177431812855,129.30791962846223,47.681667,4,64.0351275,4912962.962962963,0
335,35.538213346537326,129.30461166606509,24.481460000000002,4,5.62067805,4861313.868613139,0
336,35.53822529795612,129.30350901063318,45.077199,4,1.574683,2618911.1747851004,0
337,35.53889774386639,129.324474202838,50.358503999999996,5,76.42932510000001,8331413.947536788,0
338,35.53911459989791,129.30462629473828,37.820496,4,3.0683874499999995,2620528.7713841368,0
339,35.539116120559726,129.3851347809005,24.002422000000006,3,21.76567565,1310559.0062111802,0
340,35.53950154760756,129.42925548239864,146.29693300000002,3,8.902140099999997,3470540.5405405406,0
341,35.53966485490295,129.3366183619035,91.735068,6,15.203293017,5387504.154204055,1
342,35.53979898991834,129.32448905407378,79.130647,3,11.359675049999998,8256241.532804335,1
343,35.53984746393841,129.32007837686362,62.44682099999999,3,6.031764249999998,3278846.1538461535,0
344,35.53994392821279,129.31125699093664,47.886754,3,22.28566265,3795620.4379562037,1
345,35.540015853118675,129.30464092406086,22.84477,2,3.45725175,2646929.824561404,0
346,35.5403896518353,129.43037413328432,89.960527,5,4.523432550000001,3644717.444717445,0
347,35.54042892736286,129.4270662496117,95.511176,4,5.794165799999999,3488538.681948424,0
348,35.540455060662225,129.42486099027786,70.52591399999999,5,4.035522799999999,3012815.378454145,0
349,35.54046811219614,129.42375835954698,123.33984599999998,5,0.5070083639999999,3279596.4587193737,0
350,35.54056609638076,129.33663334941357,72.43929599999998,5,16.0607538,5362086.2587763285,1
351,35.540578341268905,129.33553067605268,74.89783,5,29.523894808,5362086.2587763285,1
352,35.540602800809715,129.33332532733684,76.163873,6,0.6297324000000001,5022426.371251013,1
353,35.54078496234277,129.31678512764722,30.079682000000002,3,4.50073,2482758.620689655,1
354,35.54088118791324,129.30796362738866,57.1763,3,2.992063,5601554.907677357,0
355,35.54090586827621,129.38626849666366,54.91296399999999,2,0.5747915499999999,6909770.687936191,0
356,35.541303959761436,129.42928753052186,45.74978599999999,4,9.210662236000001,2738842.9752066117,0
357,35.54130723174657,129.35098319081,190.842942,6,0.968782944,4845851.3189448435,0
358,35.541317052036746,129.4281848903038,23.861111,3,8.611723551999999,2246704.331450094,0
359,35.54135626839779,129.42487696538691,87.39654499999999,3,8.6935136,3634264.884568651,0
360,35.5413566765384,129.34657247879116,73.777117,6,28.242362953,6797041.14655571,0
361,35.54136932036314,129.4237743223289,273.082721,5,1.0317794,3206676.2146083512,0
362,35.541375789011084,129.26165007385404,37.597453,6,11.76,6590146.182999457,1
363,35.54161361602715,129.32341606555022,124.32150199999998,3,3.13068905,7617333.333333332,1
364,35.541782439667045,129.30797829499966,55.682218999999996,4,8.3035755,6689038.031319912,0
365,35.54179442290429,129.30687559220172,38.39179299999999,4,6.300279550000001,4517985.611510792,0
366,35.54194622823728,129.37415465959444,17.697838,3,0.6811685999999999,4923170.731707317,0
367,35.54220516562715,129.42930355565048,50.00249700000001,3,7.432597072999999,2090725.8064516129,0
368,35.542233211022705,129.34879296060762,178.10663100000005,5,4.3052386459999985,5060287.610619469,0
369,35.54236857891622,129.33666332642989,125.13083600000002,7,2.7447513999999997,5795678.722404885,1
370,35.542393060232506,129.33445792972586,49.222834000000006,6,3.4312142999999997,4878669.27592955,1
371,35.542417501232094,129.33225253036457,70.858623,5,12.52292895,4681765.389082463,1
372,35.542526986806905,129.3223282004723,35.250498,3,7.30217825,2960187.353629976,1
373,35.542599523618534,129.31571195089595,31.120777,3,10.18508345,4058997.0501474924,0
374,35.54268369128102,129.30799296326185,47.746429,4,25.588080750000003,5388646.288209607,0
375,35.54270764846813,129.3057875323546,6.250140999999998,3,4.6652285000000004,2874592.8338762214,0
376,35.54271961194216,129.30468481592558,79.54478900000002,4,5.0260031,3288647.8109259983,0
377,35.542731565336524,129.30358209884702,95.823747,4,26.95661325,3458126.969833408,0
378,35.543134447605574,129.3488080857433,59.83185,5,5.267174183999999,4951467.944877172,0
379,35.543178325079815,129.26167837395218,40.856279,5,40.274123,5684049.079754601,1
380,35.543220734769314,129.341089150675,89.99584200000001,7,3.84,7293736.501079912,1
381,35.543233021189586,129.3399864429904,103.23030699999998,5,7.319195143,5547152.619589977,1
382,35.54325756379188,129.33778102562036,74.44092399999998,5,0.0,6014388.489208632,1
383,35.543608900734185,129.3058021766062,31.956204999999997,3,5.8881795000000015,2736332.574031891,0
384,35.54363281839321,129.3035967184367,53.399162,3,2.8496748,2761240.310077519,0
385,35.54421998644172,129.33228241139892,204.09651200000002,5,2.8024925,5007271.874266949,0
386,35.54423219262964,129.33117968606211,99.348433,5,27.0588027,5186821.557798514,0
387,35.54434159472316,129.32125512827344,46.689985,3,10.0060866,4958217.270194986,1
388,35.54446219499722,129.31022777936673,51.502774,2,10.79301245,2443870.9677419355,0
389,35.544474199583476,129.30912504087922,32.728776,2,22.4118645,2274468.085106383,0
390,35.5445340713101,129.3036113386753,26.516223999999998,4,4.203616,2507679.87065481,0
391,35.54503856495815,129.25619283704708,94.11317700000001,4,1.9878773590000005,5476282.94036061,1
392,35.545050075588165,129.25509006726506,206.895941,4,3.3147612000000004,3333290.3724706788,0
393,35.545363445398394,129.31024247424648,188.26403100000002,3,2.7806299,7774539.069359086,0
394,35.54537545038147,129.30913972342697,42.072211,3,0.8699520000000001,7363525.25801195,0
395,35.54541140484691,129.30583146705973,78.490498,4,32.807097,6276862.22808174,0
396,35.54542336950741,129.30472871363622,48.28255899999999,3,6.9966447500000015,2798614.8108684067,0
397,35.54575428716935,129.27385135602594,122.668676,3,1.9403487000000001,4933417.085427135,0
398,35.5459283133198,129.25730970911852,94.355544,4,9.43158705,6050126.582278482,1
399,35.54593826134133,129.1668665064624,89.07198799999998,3,1.7383652499999998,2438914.027149321,0
400,35.54593983441185,129.25620692762877,81.89812400000002,5,19.4527056,5871921.18226601,0
401,35.54595134542236,129.25510414551343,167.941003,4,7.097186399999999,3068446.088794926,0
402,35.54597433719875,129.25289857940837,208.444628,5,3.891396861,2689954.7511312217,0
403,35.54599728864883,129.25069301080762,42.780231,3,0.10612080000000003,6798004.5510239815,0
404,35.546168289708426,129.31907925146203,30.418117,4,14.9570342,4149214.6596858636,0
405,35.54635127576896,129.38305357924014,79.18610199999998,4,16.533264688,5684784.490219837,0
406,35.546702180654506,129.269454503274,52.807055000000005,4,46.453435081,3441108.545034642,0
407,35.54680650906197,129.25952939842782,58.216395,5,10.245671887,5108189.331329827,1
408,35.54684110372609,129.25622101883602,46.589095,5,1.8473364,3455140.798952194,0
409,35.54686411642625,129.25401542931266,200.475984,5,3.6703841,2785534.9070818685,0
410,35.5473331092517,129.29483295005122,33.190718,6,3.02540265,3859649.1228070175,1
411,35.5473568284442,129.2926273802839,215.94600699999998,5,1.91536,3666181.4653081032,0
412,35.54769000400392,129.34447265884214,35.174817999999995,5,4.2905323499999986,5359173.126614987,0
413,35.54770232269809,129.34336989150418,101.58492400000002,3,5.344741590999999,4880216.383307573,0
414,35.547719319111266,129.25844072235859,70.282288,4,2.1244395469999997,3830472.1030042917,1
415,35.54775388467243,129.25513230388523,75.67335299999998,5,5.6193408,3327064.8967551617,0
416,35.54776538636175,129.25402949647656,91.271273,4,1.8473364,2985745.9613557174,0
417,35.54819870918012,129.29815586103106,171.50978,5,15.474804735,2743859.6491228067,1
418,35.548493066456864,129.27058579453598,59.053413000000006,3,3.683146,5263716.814159292,0
419,35.54861586949922,129.34228217866337,96.960939,5,3.020212,4477134.146341464,0
420,35.5486205873846,129.25845483948692,46.77339799999999,2,40.93278669800001,3895042.194092827,1
421,35.548628168437844,129.34117939765494,48.25701599999999,3,7.73228215,4830158.73015873,0
422,35.5486404572951,129.34007661597877,111.53053799999999,4,5.399143518,4317837.837837839,0
423,35.548655154088344,129.2551463840087,145.090941,4,12.3916805,4317812.669193286,0
424,35.54866665615785,129.25404356426506,54.237213,3,43.07175105,3399659.5020217067,0
425,35.54867726337829,129.33676826694887,120.382934,5,1.2766498,2575176.5893037342,0
426,35.54870175035979,129.33456269759992,27.0196,2,8.6846885,2288920.056100982,0
427,35.548726197015256,129.33235712559278,220.72926600000002,4,0.181119466,2169435.215946844,0
428,35.54908805761887,129.29927322949104,70.65074999999999,5,19.573902173,3817589.576547231,1
429,35.54909996336895,129.29817042284358,49.237164,5,36.311551655,3779465.1700231093,1
430,35.54911185903689,129.2970676155497,66.461653,5,25.218489500000004,5357060.849598163,1
431,35.549123744622676,129.29596480760986,116.76510299999998,5,9.5554608,5340636.768230058,1
432,35.54942923095237,129.2672915762499,156.64573,4,10.55381085,3065179.5050540264,1
433,35.549475623897365,129.2628802717775,130.653219,3,10.56140275,4617015.968063872,1
434,35.5494871969268,129.26177744408562,56.016415,4,7.8950814,4906466.512702079,1
435,35.54952185551847,129.2584689572419,118.37233,4,6.9863318,3625937.362152624,1
436,35.54953338821675,129.25736612703972,36.752164,4,7.807734849999999,4013146.734520781,0
437,35.5495449108322,129.25626329621136,170.71150999999998,5,20.396092000000003,2826185.1015801355,0
438,35.549567925814515,129.2540576326781,40.91681,2,0.3420208,4204365.620736699,0
439,35.549578503455436,129.33678326111382,77.844285,2,6.266988034,2946708.463949844,0
440,35.54966403429101,129.32906367043444,44.74598500000001,3,4.7834430999999995,1847723.7048665618,0
441,35.54968838093547,129.32685806713286,232.314354,3,15.38443735,1906040.268456376,0
442,35.549761178900795,129.32024124138835,5.517191,2,13.2572071,7725194.552529182,1
443,35.54984565112487,129.31252158144778,245.154224,2,4.018969115999998,8714924.039320823,0
444,35.54997739504832,129.30039062262034,50.670766,5,3.074625227,3370760.233918128,1
445,35.55000121741799,129.2981849853026,200.612922,5,0.951267455,3807189.54248366,1
446,35.550024999457776,129.29597934539888,60.827496999999994,5,2.1593675130000003,4874883.634332527,1
447,35.550400027104466,129.2606887588191,35.81616,5,2.18907235,5010719.754977029,1
448,35.55044617958869,129.25627738992108,77.30148399999999,5,9.52,4206494.325346785,0
449,35.550491992733726,129.33569544693398,65.70148,3,18.58134185,2367346.93877551,0
450,35.55051646116971,129.3334898269183,47.42921,4,4.06414215,2506631.299734748,0
451,35.550589624504376,129.3268729509519,43.370618,2,12.5911354,4365927.419354838,0
452,35.550613931624326,129.32466732033785,84.872108,2,11.010064105,2463054.1871921183,1
453,35.5507589274215,129.31143348139562,115.444042,5,0.6435884000000001,6652831.919284567,0
454,35.55085478468201,129.30261086979502,66.82989599999999,4,7.668891200000001,3849557.5221238937,1
455,35.55089056479014,129.29930237972602,131.919373,5,2.098492564,3191876.75070028,1
456,35.550949996647645,129.29378821667677,29.377775,4,0.44145188399999996,3111255.2708400907,1
457,35.55126657281242,129.26401145959264,80.62887099999999,3,38.493136299999996,4908589.802480478,1
458,35.551270281766,129.34673861352726,126.00396,4,7.888157747999999,2951599.3265993265,0
459,35.55131284782363,129.25960004888015,78.821804,5,2.9058033000000005,4880375.293197812,1
460,35.551417702180345,129.3335047854093,39.248532,3,16.020964489999994,2581357.318070319,0
461,35.55144213109497,129.33129913806718,23.889452,4,5.86982045,2233595.800524934,0
462,35.55155156212161,129.32137369227362,63.01508800000001,3,153.82738569999995,2039692.7016645325,1
463,35.551684202051504,129.30924251951419,101.296589,5,48.53917855,2142671.009771987,0
464,35.55169619972963,129.30813968170392,92.374525,5,7.72884865,6408489.178398822,0
465,35.55185125198805,129.2938027310843,26.745026,4,0.156047052,3167847.0254957513,1
466,35.552097260656744,129.3533706726234,1.3887799999999997,5,7.907084749999999,4435797.6653696485,0
467,35.55219099705469,129.2618199121398,74.614623,4,4.465221499999999,4812558.575445173,1
468,35.552585451730664,129.30925720727743,53.383509,3,12.775660599999998,2880375.2931978106,0
469,35.553080688925355,129.2629369464535,41.009218,5,0.0,6605089.538171536,0
470,35.55322018378144,129.33353470438365,63.03381099999999,4,14.23118165,3894681.9603753914,0
471,35.5532568144509,129.33022615835978,45.269622,5,65.92022560000001,4708690.330477356,0
472,35.55349869974121,129.30816903320914,23.107598,8,10.3829785,5525634.8826066125,0
473,35.55351068812883,129.30706617007405,63.21305200000001,4,44.93833955,6857407.407407408,0
474,35.55355854084253,129.30265471102933,79.422264,5,2.1,3310988.7949675643,0
475,35.5539616375448,129.3478867887537,138.55333000000002,2,1.0274309999999998,3509973.9809193406,0
476,35.55398195483361,129.26295111669506,62.277222,5,5.780803669,6495356.037151703,0
477,35.554005094633624,129.26074533731298,39.990139,4,9.5604673,6755265.797392176,0
478,35.55403972870025,129.25743666353134,37.340431,3,3.0936323499999987,8484143.76321353,0
479,35.554145855708924,129.33134394350736,15.688935,4,2.22569965,1835820.8955223882,0
480,35.55418242708765,129.32803535649631,21.410626,4,13.707789199999999,1740890.6882591094,0
481,35.554194597380025,129.32693249283577,39.674775,4,5.61099915,3158246.6567607727,0
482,35.55438795066939,129.30928658476006,143.493807,4,4.905252,6105788.067675867,0
483,35.554423917020955,129.30597795834296,127.595078,4,10.267165533,4982964.2248722315,0
484,35.5544358856368,129.3048750815689,40.054995,3,7.448229149999999,2179487.1794871795,0
485,35.554447844168635,129.303772204145,82.56513600000002,3,3.3255547000000005,3645274.212368728,0
486,35.55445979261642,129.30266932607168,33.685174,3,3.0883658,3347408.8291746643,0
487,35.55447173098015,129.3015664473495,150.075793,4,0.3227614,3376257.54527163,0
488,35.554684897130386,129.2817145200252,37.129805,5,2.1098154,3508017.492711371,0
489,35.55497367952721,129.33797611010854,92.127751,3,2.5613228269999997,2662500.0,0
490,35.555047096966845,129.33135887998017,97.313718,7,94.0602463,3312078.72741979,0
491,35.55505929791325,129.33025600596812,28.175323,4,20.762408,3840188.0141010582,0
492,35.55507148877576,129.32915313129348,40.641056,1,9.315635249999998,3607407.4074074067,0
493,35.555108000859555,129.32584450329983,71.03123599999999,4,4.5370981,4495988.32968636,1
494,35.555277190580256,129.31040416098622,56.119248,2,9.13843105,5345312.5,0
495,35.555325167469256,129.30599261104842,111.247035,5,4.173585874,3948575.3995830435,0
496,35.55534909540779,129.3037868321743,43.064335,3,3.5164319,2983014.861995754,0
497,35.55566817448161,129.27400856491764,123.68884200000002,4,30.8396809,4243935.926773455,0
498,35.555788802881224,129.34571127912292,73.65,4,7.90299295,3302673.7967914436,0
499,35.55594833808472,129.33137381711606,67.06099499999999,4,0.500456,3550611.7908787536,0
500,35.55599708297783,129.3269622677428,46.268377,3,15.1362414,3393171.8061674014,0
501,35.55602139491861,129.32475648908837,47.021367,3,3.24010438,1959710.7438016532,1
502,35.556154389558024,129.31262465942822,59.352880000000006,4,8.780051199999999,2926565.8747300217,0
503,35.55616641947282,129.3115217618889,27.645092,4,10.061883199999999,2422459.893048128,0
504,35.55619044904866,129.30931596485107,130.483224,4,10.756519999999998,5261435.477872815,0
505,35.556238387184784,129.30490436295366,0.7922020000000001,4,4.2376724999999995,8662329.615861215,0
506,35.55636487931825,129.11296510850391,43.152491,4,0.3725102,2544511.668107174,0
507,35.55665297952833,129.34903504337024,90.169145,2,1.8018272000000002,2578535.237217872,0
508,35.556677695651224,129.3468292666741,49.14118299999999,2,7.60370245,2463465.553235908,0
509,35.55670237143699,129.34462348729468,34.210702000000005,2,42.41969759999999,2177322.0747889024,0
510,35.5567146942034,129.34352059660014,110.968002,3,36.86963305,4700336.7003367,0
511,35.556751601996424,129.34021192050363,20.134938000000002,3,13.736317149999998,5316690.442225392,0
512,35.55689832556671,129.3269771561877,103.22189,3,2.1487171000000003,3604480.0,0
513,35.557007415247725,129.31705102043824,56.931051,2,2.293488,2227642.276422764,0
514,35.557039920705165,129.22880262312083,142.83646000000002,5,3.85385828,3378555.083360575,0
515,35.557055637346075,129.31263938746898,53.972058,3,2.18051005,2970414.201183432,0
516,35.557067667658444,129.31153647759072,42.647,2,6.1792083500000015,3086614.1732283463,0
517,35.55707040186428,129.13393439144272,64.32853,5,0.7626586000000001,2035500.598324691,0
518,35.5570916980285,129.30933065587482,76.64504600000002,3,8.36975555,2813583.1381733017,0
519,35.55710369808611,129.30822774403828,11.365353,3,30.184213000000003,7999259.807549963,0
520,35.55726619392053,129.11297760162893,49.08427200000001,3,1.3763767040000001,2546816.479400749,0
521,35.557541840271625,129.3501530789319,40.238409,3,26.400723100000004,2738028.1690140846,0
522,35.55761593058315,129.34353567078966,47.88131300000001,2,7.0084151,3641379.3103448274,0
523,35.557665122430855,129.3391240519702,47.584623,3,10.2071584,5139356.814701378,0
524,35.55767739518091,129.33802114559646,115.632304,1,21.929583800000003,5366789.667896679,0
525,35.557701910426715,129.3358153308501,73.291224,2,10.122063,2532451.923076923,0
526,35.55784815477128,129.32258038663406,37.237458,3,5.270519,2595555.5555555555,1
527,35.557860276247624,129.32147747032073,77.15662799999998,3,0.286398,2645219.123505976,1
528,35.55792992386945,129.22991937067374,105.399085,6,6.056027068,3387695.879280325,0
529,35.5579689157042,129.31155119394586,56.300716,3,2.6417278250000003,3040601.503759398,0
530,35.557974958918855,129.2255075375784,113.555152,4,2.4096342999999996,2965535.524920467,0
531,35.55798093632896,129.3104482710747,41.971092999999996,4,4.592493688999999,6631722.054380665,0
532,35.55798619246534,129.22440457777674,64.77610399999999,6,6.303252908999999,3954987.8345498783,0
533,35.55851716682279,129.3435507456484,52.17017000000001,2,0.9964438,3619047.619047619,0
534,35.558578633451965,129.33803615875863,82.890233,4,38.83139665,5149615.612063868,0
535,35.558590896522524,129.33693323937902,47.564446000000004,3,14.475647699999998,4361318.407960199,0
536,35.558603149507974,129.3358303193334,25.054309,2,11.4043483,1938559.3220338984,0
537,35.55863984795332,129.33252155520648,55.458712,4,1.7457627999999998,5628891.656288916,0
538,35.55870081032445,129.3270069350604,30.637051,2,1.8749487,2945147.679324895,0
539,35.55872512467589,129.32480108237098,147.106685,4,3.7624440000000003,3751690.821256039,0
540,35.5587372667236,129.32369815503608,71.743412,3,5.796816549999999,3162990.6542056077,0
541,35.55874939868594,129.32259522704194,39.419208000000005,4,1.112958248,2564671.8146718144,0
542,35.558761520562896,129.32149229838885,66.11852099999999,4,0.5188016999999999,2911026.252983293,0
543,35.55883120041368,129.2299331738245,29.688389,2,1.84352975,5426028.92102336,0
544,35.55885373885593,129.22772723381692,192.25008200000002,5,6.7350100999999984,3464196.101138776,0
545,35.55886499294708,129.2266242628952,141.161719,5,3.031313968,3209017.021929152,0
546,35.558882184632104,129.310462975743,39.771632000000004,3,1.4185756,3073878.6279683383,0
547,35.55889869470038,129.22331534646548,93.932953,5,5.50853555,3511199.7545259283,0
548,35.55946759802158,129.33915410364037,50.31992999999999,2,0.715,2768439.108061749,0
549,35.55947987158289,129.33805117258734,38.730709000000004,2,11.7283072,2264880.9523809524,0
550,35.559492135058754,129.33694824086774,49.610951,3,16.01280145,3811184.939091916,0
551,35.559528864973494,129.33363944171532,26.93249,4,6.913707700000001,4125435.5400696862,0
552,35.559766270468934,129.22663802963208,85.898371,5,34.21772003,2974946.532233425,0
553,35.55978874913409,129.2244320612713,174.91643899999997,4,15.169339848000002,3209852.734922861,0
554,35.559811187451096,129.22222609047012,274.053704,4,4.07738355,3315262.8706567218,0
555,35.55995992182484,129.114118115326,64.62252099999999,4,2.1499748000000003,5341326.93844924,0
556,35.56038110957372,129.33806618708252,56.703582,3,3.9448866000000002,2658154.859967051,0
557,35.56052761048078,129.32483081452565,44.771331,2,3.71050285,1897849.4623655917,0
558,35.56067879259928,129.22554880076228,50.262365,5,5.007257599999999,3583797.4683544305,0
559,35.56069002725965,129.22444580393378,168.479692,4,9.665523488,3164466.565678425,0
560,35.56070125183264,129.22334280649505,102.15834499999998,6,18.279762952000002,3446457.3991031386,0
561,35.56114677459417,129.35021367854162,31.670506,3,53.13804175,7590483.056957463,0
562,35.56115914982678,129.34911072950302,53.066259,4,2.6038367,8662045.06065858,0
563,35.561404536410976,129.3270516083272,106.223271,5,5.2865433,3613114.10459588,0
564,35.56144099642485,129.32374271723558,135.371175,3,2.90327295,2785337.805462386,0
565,35.56203562209645,129.35133179083272,8.262896000000001,4,0.89104965,6287850.46728972,1
566,35.56205854604843,129.26638767473585,100.36629200000002,3,12.790121999999998,2646310.4325699746,0
567,35.5620603834659,129.34912586874566,32.800129999999996,3,3.57182225,8253481.894150417,0
568,35.56219584982686,129.33699324932994,68.571676,3,2.16695575,6578691.588785048,0
569,35.56231794198606,129.32596352535958,195.449657,4,5.298932599999999,3444852.4012336615,0
570,35.56306026225101,129.34031719473685,84.517526,2,4.0054428999999985,2682745.8256029687,0
571,35.563924581317394,129.34364120885584,50.001523,3,4.662513,2437587.6577840107,0
572,35.56398606013596,129.33812625172925,77.876808,6,4.451833334000001,7360259.433962264,0
573,35.56405950184337,129.33150828118306,38.915199,4,14.2669968,4099650.3496503495,0
574,35.56435343869115,129.1263146425098,80.081097,4,4.435698341,1954648.5260770973,0
575,35.564363766441396,129.12521155592543,72.93851299999999,5,13.307613600000002,1984597.8322875071,0
576,35.56443577817417,129.1174899341606,25.862845,3,3.46532985,1767441.8604651163,0
577,35.564446025204525,129.11638684310446,11.545050000000002,3,3.5752103,1714285.7142857143,0
578,35.564773945518276,129.2653272817352,59.14721900000001,5,8.900703,4178217.8217821773,0
579,35.564801153624295,129.3458622912545,16.835738999999997,2,7.578066999999999,8394444.444444444,0
580,35.564813490143784,129.3447592901622,141.732825,2,10.669798449999998,2731535.756154748,0
581,35.56493630053261,129.33372924247968,28.605762,2,0.7610201999999999,8210731.707317073,0
582,35.56496074156074,129.33152322495152,49.867634,6,5.6054160999999985,3816079.873883342,0
583,35.56524440979169,129.12743038716835,22.258861,4,4.76107655,1792592.5925925926,0
584,35.56538822611885,129.11198695909044,137.19008200000002,4,3.178814018,2933716.965046888,0
585,35.56539842303572,129.1108838529095,144.939989,4,0.43929065,2949464.368886818,0
586,35.565665316620326,129.3491864324373,67.372984,3,1.6975243000000002,8372031.6622691285,0
587,35.565702387927644,129.34587739615515,135.951783,4,3.6290778,2738240.684178375,0
588,35.5657639716868,129.34036232228078,58.21412999999999,3,6.3362150999999995,2217971.014492753,0
589,35.56593945852698,129.23997120949718,54.374070999999994,4,10.484357415,3030480.1670146137,0
590,35.56615605711737,129.1263399356478,72.55886600000001,3,1.4924096000000002,2770391.32484677,0
591,35.56626911489396,129.11420568080976,38.733781,3,0.6257921999999999,5946698.488464599,0
592,35.5663201011633,129.1086900881665,50.955360999999996,4,0.7361279999999999,2507163.323782235,0
593,35.566591274667985,129.34699552683574,118.085274,2,0.378271727,2724955.1166965887,0
594,35.566665207885144,129.34037736613112,50.141909000000005,2,5.2815852,1950639.8537477148,0
595,35.56671429493539,129.3359652456302,40.599863,2,2.009663276,7564086.687306503,0
596,35.56677230802457,129.24660356784523,66.487313,4,26.279566499999998,6140709.561034275,0
597,35.5667837369854,129.24550049630128,64.891357,5,12.295019299999998,6284657.534246575,0
598,35.56682935193477,129.24108820392408,65.47028800000001,4,18.264681399999997,2793804.45304937,0
599,35.56685209887289,129.23888205402213,54.813629000000006,5,0.99487175,3061113.1320480173,0
600,35.56686345720775,129.2377789781447,152.44191399999997,5,2.5007180000000004,3710933.97503384,0
601,35.56687480545311,129.23667590165041,16.958734999999994,6,7.73455827,4378861.788617887,0
602,35.56713971376985,129.11752757835714,37.167957,4,2.1044972,2033962.2641509438,0
603,35.56773062334099,129.24110213667385,205.705954,4,3.57204144,3141005.4988216814,0
604,35.56774200223081,129.23999904968494,40.568946999999994,4,1.1854403999999998,3199462.726662189,0
605,35.567753371030854,129.23889596207815,132.346324,4,0.36,3266786.4727985617,0
606,35.56776472974105,129.2377928738538,71.105986,5,18.8918814,3310097.8753879205,0
607,35.567776078361454,129.23668978501257,98.062701,4,16.28642665,3263181.512227956,0
608,35.567787416892,129.235586695555,70.189061,4,5.1,3154687.5,0
609,35.56845538206585,129.34151050898237,55.403046999999994,3,25.836865200000002,1786484.543493889,0
610,35.56859769626967,129.2444253643372,47.469142,5,4.5953818,6364213.672020919,0
611,35.568620505251864,129.24221916875976,33.91053899999999,5,6.4259197499999985,6071682.0440028375,0
612,35.56888063254004,129.12417158235138,44.278345,4,3.098466,5700310.024112986,0
613,35.56890124099597,129.12196528289488,83.053979,4,6.5274103,3406301.8242122717,0
614,35.56927024753148,129.3492470068843,91.919387,4,6.416138519,2884848.484848485,0
615,35.56949896626702,129.2444393353678,67.395247,4,5.476592749999999,6134957.825679475,0
616,35.56951037618021,129.24333622554101,47.469142,5,5.1407268,6691726.16547669,0
617,35.569733170191434,129.30733022876777,59.043606,5,0.739083295,3722085.5878012786,0
618,35.569781941812145,129.12418420674695,134.717779,4,1.95342495,5692578.702125241,0
619,35.56979225142661,129.12308104494844,72.44613199999999,4,0.631169,5585673.35243553,0
620,35.569802550949134,129.12197788259004,180.935216,4,1.9620852999999998,3411967.545638945,0
621,35.57059839984315,129.31065419584726,81.76625200000001,4,11.2903491,3045507.584597433,0
622,35.57062242194847,129.30844800252336,41.14262700000001,5,20.26424195,3505657.0931244562,0
623,35.57132431708707,129.2422610096217,151.059648,5,3.02175345,6256065.284516983,0
624,35.57133570757221,129.24115787385864,75.07040699999999,5,20.95829035,6143858.7379901325,0
625,35.572460875945175,129.30516801244056,50.625049,5,1.3876523040000002,4005988.0239520962,0
626,35.572472842383696,129.30406488815078,18.573970000000003,4,14.830344549999998,3974025.9740259736,0
627,35.57248479873151,129.30296176321102,58.60903199999999,4,0.14844464999999998,3957055.2147239274,0
628,35.57311545628394,129.24339206646908,97.238376,4,3.8189265,5975716.560509554,0
629,35.573138248851635,129.24118574616296,93.174373,4,4.04930325,6303618.711385703,0
630,35.573314155746274,129.30959520585705,44.86428,4,26.0694316,2702702.7027027025,0
631,35.573350147067146,129.30628580180084,32.871557,5,1.59990125,5040178.571428572,0
632,35.5740167259614,129.24340602825063,54.260797,3,4.804901200000001,6608378.870673953,0
633,35.574203384382315,129.31071305500777,29.139346999999997,4,11.824371499999998,3849162.011173185,0
634,35.57502022102205,129.3184498596681,35.730234,3,12.314710217000004,5076811.594202898,0
635,35.575104630167324,129.31072777143106,92.606599,4,1.9905990000000002,3793614.595210946,0
636,35.575628297424835,129.34494044507449,58.682911,3,5.298501,2751269.035532995,0
637,35.5756529499755,129.34273414456123,123.54584299999999,4,11.066211000000001,2486845.4021548484,0
638,35.5759335530013,129.3173614973521,20.680885,4,3.936991753,5336219.336219336,0
639,35.576517188633595,129.34605870727523,41.76793,4,3.2280516,2716288.384512684,0
640,35.57683479611674,129.317376289188,52.27854099999999,4,0.497285758,4872829.657437823,0
641,35.576883053286174,129.31296356984052,35.330123,5,0.49994635,4957940.991839297,0
642,35.57830730072718,129.34719212081922,76.12787499999997,4,5.008326653999999,2761471.2308812817,0
643,35.57834432863438,129.34388256190942,53.349838,4,7.9298325999999975,2673057.5176589303,0
644,35.57835665108545,129.34277937426566,73.131782,5,6.161986977000001,3547110.73156846,0
645,35.57922088565573,129.34610405014902,78.025611,4,26.5898969,2640962.150689777,0
646,35.57923322869929,129.3450008514938,27.606925,4,7.164550200000001,3028634.3612334807,0
647,35.58012211771602,129.34611916578228,128.667971,3,4.430057099999999,3232972.6288987906,0
648,35.58014679452583,129.3439127430966,37.156321999999996,4,3.2408700999999995,3093080.220453154,0
649,35.58171318456497,129.36490430307214,57.946006000000004,5,4.6158827,5265190.767781441,0
650,35.581725700421245,129.3638010788415,65.274578,5,7.3221574999999985,5444316.877152698,1
651,35.58173820618418,129.36269785393108,68.338116,4,1.16372075,5032437.442075997,1
652,35.58258934639965,129.36712610185793,48.216467,4,7.666993999999999,4456703.014753046,0
653,35.58260188285668,129.3660228666353,71.67718599999999,4,23.11582525,4957219.251336899,0
654,35.58352815041814,129.3638317101337,54.206909,4,3.2991996500000003,4060263.653483992,1
655,35.583540657007454,129.36272846051568,87.39705099999998,4,0.7738816,4067796.6101694917,1
656,35.584391793632605,129.36715680863549,19.592361,4,1.3457891999999998,4453292.496171516,1
657,35.584404330918034,129.36605354870443,69.202386,5,17.747009,4957219.251336899,1
658,35.58445437911676,129.361640502175,61.283958,6,10.712768379,4034934.497816594,1
659,35.58535560459042,129.3616557948106,51.311719,3,14.881815900000001,4047111.8394100782,1
660,35.586194240304025,129.36718751813947,40.97549,5,7.649496599999999,4894941.634241245,1
661,35.586206778417896,129.3660842334977,41.904992,5,29.710771,4823929.961089494,1
662,35.588034272954076,129.36390830026343,24.138397,5,3.7807149,4915544.675642595,1
663,35.588948006108886,129.36282029657568,26.495135000000005,5,5.1549055,4417736.289381564,1
664,35.588985472738905,129.359510321239,60.175499,5,9.4465804,4673323.823109843,0
665,35.590700354525666,129.36726430382922,29.572629000000006,3,7.77057635,3718998.862343572,1
666,35.591576465459156,129.36948637854007,24.294417,3,1.07383525,3742331.288343558,1
667,35.61680661879139,129.447191202882,138.88904,5,1.626135,3641418.5639229417,0
668,35.626158800765445,129.3402678932516,98.52051,9,9.6666715,3688628.59931674,0
669,35.626973616825985,129.34800995752528,73.824678,4,0.0,4734837.278106509,0
670,35.62706002797751,129.34028296953323,70.394894,5,9.53012515,3898943.500229674,0
671,35.62714594371772,129.33255594874507,22.376607999999997,5,8.832,4630486.078338839,0
672,35.627775475544034,129.35685602321604,23.989037,4,1.1367325499999998,2846017.6991150444,0
673,35.62785006033265,129.35023285071406,76.231775,5,83.8597276,3276008.4925690023,0
674,35.627985853768436,129.33809030483405,81.15144499999998,5,38.94334644999999,4005439.70988214,0
675,35.62799813796178,129.3369864330064,41.443938,5,14.28770725,3937212.8637059717,0
676,35.6280104120443,129.335882560511,164.96050999999997,5,4.120271271999998,3973915.776241357,0
677,35.628022676015966,129.3347786873485,111.37763700000001,5,16.25,3981455.0641940087,0
678,35.6287512835924,129.35024803977234,153.076696,5,24.1806718,3107683.782785372,0
679,35.62878844072095,129.34693640726542,38.571258,4,4.189419427,3543001.6863406408,0
680,35.62966490294162,129.3491593402938,102.713647,6,0.6975,3002290.9507445586,0
681,35.62967728906014,129.34805545040882,130.082535,5,3.41,3047801.9632949214,0
682,35.63076309736344,129.3315120015453,34.932032,4,80.758033243,5899291.896144767,0
683,35.63145495252969,129.35029361099316,114.25410900000001,2,4.2248779,2988201.20057959,0
684,35.631492113339256,129.34698186703918,136.88066600000002,4,6.8783937,2907689.415303628,0
685,35.63165209186067,129.3326309067959,25.651841,3,1.9793299,5079301.075268817,0
686,35.632393337264745,129.34699702164258,96.143408,4,8.8582956,2874576.2711864407,0
687,35.63494779921361,129.36029002329857,65.614373,4,3.8543996,2443631.0395314787,0
688,35.634960288918194,129.35918606587182,43.539731,5,0.618768,2448844.884488449,0
689,35.635097008199395,129.34704248948952,7.150746999999999,3,11.592592300000002,2931372.549019608,0
690,35.63519567179306,129.33821074639496,123.774181,5,1.0987525269999998,2039091.8065153009,0
691,35.63587398777168,129.3580973889228,68.18362699999999,4,6.350947200000001,2678678.6786786793,0
692,35.63599823156365,129.34705764678424,128.34714499999998,3,2.64,3003525.5603122637,0
693,35.6367752068933,129.3581126707579,51.321196,5,1.08454395,2847457.627118644,0
694,35.63678767719511,129.3570086872012,110.51935900000001,4,2.78387355,2517370.083261556,0
695,35.638058314829024,129.3239037662525,63.49214599999999,4,0.7186140000000001,1668330.560177482,0
696,35.63862746852961,129.35372719907144,151.28016200000002,4,2.3608287999999997,2581968.9119170983,0
697,35.63952868887507,129.3537424333887,177.60607,4,1.6824666499999998,3007225.107247685,0
698,35.639541119952774,129.3526384099603,70.408902,4,7.515892599999999,5331436.699857753,0
699,35.64042990908013,129.35375766838231,38.892611,5,1.32503615,6152297.367062467,0
700,35.64045476194119,129.35154959607172,130.930755,4,9.21731685,4958093.869731802,0
701,35.642257203571354,129.35158001852884,36.094557,3,17.593666,5231863.442389758,0
702,35.645084542766,129.34058463576042,160.004307,5,1.32,1998009.5541401275,0
703,35.64509685490243,129.33948052991502,195.046854,5,0.3975,2099753.997539975,0
704,35.65318323020038,129.34182468969948,60.693580000000004,5,0.935198,2331658.291457286,0
705,35.65860289203563,129.34081106126806,55.50986900000001,5,5.592074750000001,1805642.63322884,0
706,35.65947944654808,129.34303476803774,36.927065,5,10.011909649999998,1661399.5485327314,0
707,35.65949178543421,129.34193046518615,94.911099,5,3.91353685,2207941.80054562,0
708,35.65955332802797,129.33640894087515,125.66705399999998,4,6.3619360999999985,2269072.769953052,0
709,35.66040533621991,129.34084126272958,56.712861,5,4.8968577500000015,1908290.1554404143,0
