[{
    "name_KOR": "김동휘",
    "name_EN" : "DONGHUI KIM",
    "School" : "NS",
    "Id" : 20121063,
    "mail" : "donohwe1993@daum.net"
  },
  {
    "name_KOR": "박준표",
    "name_EN" : "JUNPYO PARK",
    "School" : "NS",
    "Id" : 20121229,
    "mail" : "wnsvy1994@unist.ac.kr"
  },
  {
    "name_KOR": "문경준",
    "name_EN" : "KYEONGJUN MOON",
    "School" : "ECE",
    "Id" : 20131203,
    "mail" : "asd1232004@naver.com"
  },
  {
    "name_KOR": "임정택",
    "name_EN" : "JEONGTAEK LIM",
    "School" : "NS",
    "Id" : 20131504,
    "mail" : "wjdxor0405@naver.com"
  },
  {
    "name_KOR": "최강민",
    "name_EN" : "GANGMIN CHOE",
    "School" : "NS",
    "Id" : 20131593,
    "mail" : "qnifto1409@naver.com"
  },
  {
    "name_KOR": "서현우",
    "name_EN" : "HYUNWOO SEO",
    "School" : "NS",
    "Id" : 20141299,
    "mail" : "ta57xr@naver.com"
  },
  {
    "name_KOR": "이주희",
    "name_EN" : "JUHUI LEE",
    "School" : "NS",
    "Id" : 20141484,
    "mail" : "virtuous9@naver.com"
  },
  {
    "name_KOR": "김유증",
    "name_EN" : "YUJEUNG KIM",
    "School" : "ECHE",
    "Id" : 20151619,
    "mail" : "rladowmd123@hanmail.net"
  },
  {
    "name_KOR": "윤희진",
    "name_EN" : "HEEJIN YOON",
    "School" : "BA",
    "Id" : 20151649,
    "mail" : "heejin5178@naver.com"
  },
  {
    "name_KOR": "최지수",
    "name_EN" : "JISU CHOI",
    "School" : "NS",
    "Id" : 20151672,
    "mail" : "eternal018@naver.com"
  },
  {
    "name_KOR": "오윤정",
    "name_EN" : "YUNJEONG OH",
    "School" : "ECE",
    "Id" : 20161171,
    "mail" : "ohyg_127@unist.ac.kr"
  },
  {
    "name_KOR": "안재현",
    "name_EN" : "JAEHYEON AN",
    "School" : "ECE",
    "Id" : 20171154,
    "mail" : "jaehyeon9294@unist.ac.kr"
  },
  {
    "name_KOR": "하석연",
    "name_EN" : "SUKYEON HA",
    "School" : "ECE",
    "Id" : 20171255,
    "mail" : "emeraldwanderer@unist.ac.kr"
  },
  {
    "name_KOR": "한성재",
    "name_EN" : "SEONGJAE HAN",
    "School" : "ECE",
    "Id" : 20171259,
    "mail" : "hseongjae@unist.ac.kr"
  }
]