,latitude,longitude,SB_score,CLSS,SB_worker_score,PR_per_PY,y_label,prob
0,35.38095868063523,129.3416943758689,-0.5720813025226783,-0.5,0.6165579816407837,-0.8166068719873613,0,0.15376165105985917
1,35.38362567569446,129.34504083870914,0.3310599409585239,0.0,-0.2182674402180794,-0.5578333826719996,0,0.13375175986703933
2,35.401375018055845,129.2880853494827,0.8602232461848125,0.0,-0.48505714343991063,-0.612926645789036,0,0.1046951058028504
3,35.404102371207706,129.28592679814656,0.013888933960807084,-1.0,0.039888853420558854,-0.12212046688152094,0,0.1013896659371359
4,35.40412584561248,129.28372512904042,0.07135320700582845,0.0,-0.1982935598112006,-0.662914728138299,0,0.1463813735773515
5,35.40413756777167,129.28262429353327,-0.26737505723234783,0.0,0.2979725624634735,-0.1728534103168144,0,0.18523354376924603
6,35.40414927990203,129.2815234573908,-0.3737558134956382,0.5,-0.3039063922582947,-0.17633135057987775,0,0.23166700968190937
7,35.406853124275216,129.28156635789153,0.8389095123242715,0.0,1.0849331673274907,-0.6208042425228618,0,0.11734070642351532
8,35.40686482753925,129.28046548437,1.6672749427893032,-0.5,-0.20355913183075197,-0.553581495174328,0,0.05888277377540528
9,35.40953352844816,129.28381108274212,-0.41630109486955097,0.5,-0.4606333942871085,-0.3761793733022914,0,0.2269240143105892
10,35.410446533309376,129.2827244893341,-0.40386303953466435,0.0,-0.3900605132533657,-0.6677781314304087,0,0.1742184647234753
11,35.41050500722426,129.27721987355707,-0.25702676623369747,-0.5,-0.13743468065484543,-0.8441516292701265,0,0.12838593273130083
12,35.41051667191357,129.27611894850108,-0.13042088670380628,0.0,-0.47725770577518295,-0.5951414805097113,0,0.15734029950524284
13,35.42276817539149,129.31045210264062,-0.5151661489986795,0.0,-0.24409626326871045,-0.8827234990277976,0,0.17796409461024412
14,35.43361928550644,129.30732404909358,1.3744081501665806,0.0,-0.4292100292526406,-0.923733635650085,0,0.08039399574693099
15,35.434544435852,129.30513617356243,-0.5061780578758102,-0.5,-0.5064308585579937,0.3381859558692395,0,0.16512681331833348
16,35.437188454210755,129.31068628607878,-0.48627728480687377,0.0,-0.4227335703567674,-0.7115526183555781,0,0.1783572788630882
17,35.43724824134386,129.30517991163978,0.14611847901304906,0.0,-0.37779257214627987,-0.34482009950682097,0,0.1472243225714422
18,35.45184646556283,129.28889111452938,-0.3718387652671838,0.0,-0.39798563214374644,-0.86114400324431,0,0.16723687673605817
19,35.45450304389401,129.29334040927222,-0.1506305336834145,-0.5,-0.3036402309398189,-0.5788912893764068,0,0.1265740020270044
20,35.45451486818216,129.29223889218306,0.8307429680703483,-0.5,-0.1097139826333499,-0.5403035336453657,0,0.08548814613539858
21,35.45452668242305,129.29113737445266,0.7537085669615196,0.0,-0.25524198123873354,-0.5620535250840103,0,0.11206560481901108
22,35.455427953096425,129.29115180780104,-0.14903878546085159,-1.0,-0.5157842055724606,-0.5789170037405685,0,0.09730880816690111
23,35.47213132091157,129.40932685862063,1.0708200340199894,-1.0,-0.36948430722966996,-0.21727128933578568,0,0.061514734102589605
24,35.475710406321234,129.41159341457907,-0.39043098195471926,0.0,0.0039697875547132,0.28672232312631496,0,0.2032815964108114
25,35.47572331623019,129.4104916622264,-0.4857755812024368,0.5,1.75216967129947,0.2954547722981111,0,0.2875103576659529
26,35.4766245392456,129.41050743890216,-0.6111749621760991,-0.5,0.40464643009234297,0.7213928367265839,0,0.19229985841547242
27,35.47837527976706,129.4149461470221,-0.13539974418219083,0.5,1.7845903532194511,0.25747755853988,0,0.25429039860478553
28,35.47840115241975,129.41274257209142,0.7523074322135256,0.0,-0.02772033643783388,-0.3040417902883849,0,0.1184861507797833
29,35.479263548813904,129.4160637736594,1.0309009165225704,0.0,2.040309322454887,0.26248241231508607,0,0.13226659002358435
30,35.48012585200338,129.4193850433415,0.30591505318420914,0.0,-0.3731305949564514,-0.5043538316089385,0,0.1348335452336731
31,35.480164769128095,129.4160796145882,1.3155006900799084,0.0,2.172582611757722,-0.5221475576070349,0,0.10516279156323385
32,35.48017772139295,129.4149778035966,-0.4854542666663608,0.5,2.073385091526429,0.2712127457233333,0,0.2916456445388526
33,35.48025522382514,129.40836692291026,1.1306711937630711,0.0,-0.018287732922938504,-0.14365077621489666,0,0.10381949251262458
34,35.48106598930167,129.4160954562202,1.0114818079668508,-0.5,-0.35258019126201073,-0.6198333824205642,0,0.07676846545868836
35,35.481889279434796,129.42272229720956,-0.4280154708302511,-1.0,0.3562659138412142,0.643610081475521,0,0.13977068275455692
36,35.48203187438622,129.41060211366536,0.06150228029167614,0.0,-0.3631271579638583,0.31281082619234246,0,0.16782315968176667
37,35.482764438809156,129.42494189915328,0.1054957398563542,0.5,0.07706092486163223,-0.17645166527663556,0,0.19868821807384265
38,35.48280351063543,129.42163637036103,1.078127951636734,0.0,-0.2577338022250828,0.13844782844361167,0,0.10910288565459136
39,35.48292018309173,129.41171974591757,0.09368949322930822,0.0,-0.431018266912023,1.1464427358657416,0,0.18602003110187512
40,35.48293309641767,129.4106178952443,0.226996530532128,0.0,-0.509607124757402,1.083331559979525,0,0.17428678029521602
41,35.48363955609406,129.42716154814147,0.08659440715016734,-0.5,0.2698711732273338,-0.41532281931488946,0,0.1223291386669115
42,35.483717732500104,129.42055041892866,0.5776974999450484,0.0,0.11794905850635008,0.2766655594139788,0,0.1403133583608906
43,35.48373072670424,129.41944856158736,-0.011255208865878726,0.0,0.07282449728103596,0.5979476763753957,0,0.1848069879855821
44,35.484233029338235,129.29491978105176,0.893856532836158,0.0,0.7092802608078466,-0.34572559902625777,0,0.11667659317219077
45,35.48455382637517,129.4260756501217,0.059807896909528424,-0.5,0.7539232796141841,-0.6189140558517572,0,0.12383498986592582
46,35.48460594570328,129.42166818147382,0.04167875829186633,-0.5,0.6884217876209037,0.42438993820099813,0,0.14538808945037918
47,35.484644929605174,129.41836257257202,0.88717876641878,0.0,-0.48388333543091044,0.13827796392854855,0,0.11632387356690474
48,35.484657904125854,129.41726070152842,-0.4225355429529144,-0.5,-0.17002855221289442,0.095958051181945,0,0.15757899937419437
49,35.48467086858983,129.41615882978098,-0.15069085581767258,-0.5,-0.09214809090785443,0.5825897131852976,0,0.1527758943042581
50,35.48554614821765,129.41837844230744,1.0191071477683102,-0.5,-0.5655751906475202,-0.4369086888878425,0,0.07762910512968521
51,35.48555912316749,129.41727655897043,0.7026539350585109,-0.5,-0.3423831969077203,-0.509425678270778,0,0.08929027071093516
52,35.48557208806033,129.4161746749295,0.6073248307214765,0.0,-0.4825465343579972,-0.40649970677713526,0,0.12010698577450421
53,35.48558504289615,129.41507279018518,-0.4924613558068266,-0.5,-0.347081811171123,-0.5930042763762112,0,0.14465321181570157
54,35.485623847061156,129.4117671317372,0.40024017297795667,0.0,0.2138301097765689,-0.15237185622341934,0,0.1422161966695071
55,35.48635625743228,129.42610756240708,-0.26877291421077426,0.5,-0.4798996813182983,-0.5835968529083693,0,0.20874210650891925
56,35.486382338934824,129.4239037803235,-0.409942259155836,-0.5,0.1423348819052374,-0.7222437919133016,0,0.14172052056241718
57,35.4864343812531,129.4194962076738,-0.16669147419869937,-0.5,0.7051973440548387,-0.41875785467558146,0,0.13952036893875097
58,35.48644736668947,129.41839431274738,0.09668662240135086,0.0,1.369836601946429,-0.4026903336026813,0,0.16654909354890085
59,35.486885144218476,129.21340302325314,0.13735225191778502,-1.0,0.23635648807833212,-0.7552065693293138,0,0.08825568758660848
60,35.48725747274976,129.42612351961225,-0.6514697940102013,0.5,-0.5320718527789018,0.3138657842323479,0,0.26880144693125635
61,35.487296581211325,129.42281780854282,-0.1365799460871159,-0.5,-0.5693461391021417,-0.7383810564890727,0,0.12065632717982426
62,35.48730959725008,129.42171590343878,-0.2892280586815177,-0.5,0.3277132669187562,-0.6038660511728777,0,0.13908811150193598
63,35.48732260323121,129.42061399762855,0.4366861770157872,0.0,-0.026928376732471285,-0.5125810906732488,0,0.13065054406796256
64,35.48733559915476,129.41951209111272,0.4150784681971543,-0.5,0.27850778355463174,-0.4422558417115091,0,0.10635396300012645
65,35.487797540942886,129.2123146010129,0.3903219774929062,-1.5,0.47097891431642724,-0.7532588880517493,0,0.0621269192271345
66,35.488158687926514,129.4261394775258,-0.34439631001552445,0.5,-0.5312521195335601,0.2710213857018483,0,0.24011889920924764
67,35.48862030688123,129.30601204281626,-0.8654155497825944,0.0,0.31640252254851287,-0.3331949448569186,0,0.22660924370055516
68,35.489112030911244,129.42174772161292,-0.3644097936607275,-0.5,-0.4253102502095228,-0.5986137908037319,0,0.13656496992675818
69,35.489125037752814,129.42064579121222,1.002187468873702,0.0,0.06200929486194746,-0.40185361731636343,0,0.10582045122522565
70,35.489151021261094,129.4184419282943,-0.02809253380010146,0.0,-0.26710640923423806,-0.16595279801898502,0,0.16310806486246154
71,35.48994806029337,129.42727333463802,-0.46239472941358073,0.0,-0.1443556707596869,0.2619374188693213,0,0.20622921298794739
72,35.49002625480261,129.42066168906268,-0.30806391049111587,-1.0,0.3237935627967922,0.5763861567701529,0,0.13151795451871437
73,35.490052239170325,129.41845780155248,-0.28981271220444316,0.0,-0.42623343212558884,-0.28898873691112936,0,0.1756358735378264
74,35.49086233261255,129.42618735551702,-0.038101240422074474,-0.5,1.447703388176533,0.41917964498298926,0,0.15750637430344044
75,35.49095345693892,129.4184736755153,4.705972434637703,-1.0,-0.345795449902029,-0.5487881311066951,0,0.011155705405760573
76,35.491156067153774,129.23661393814334,-0.26773550014263664,0.5,-0.2621294693780009,-0.25083273195819544,0,0.22124747950395127
77,35.491776595595624,129.42510135180245,-0.004112185406812259,-1.0,-0.08780227336571204,-0.7133638508168008,0,0.09226960868630853
78,35.491854674566866,129.41848955018278,3.594706679641358,-1.0,0.0027899014509517807,-0.4980963097356833,0,0.019295643383011294
79,35.492703877923326,129.42291334531842,-0.15399112280364383,-1.0,0.06911662118681594,0.0879498332675892,0,0.11260974232685583
80,35.49272990510796,129.42070938684836,0.8270869140967694,-0.5,-0.05691883199078886,-0.2428052905905217,0,0.09009963167383339
81,35.49274290361087,129.41960740655432,2.100960712863479,0.0,0.8483761977571425,-0.10296280690171204,0,0.07329934448302
82,35.49275589205417,129.418505425555,0.9381648445162305,0.0,-0.1575131778849017,-0.005738476399860087,0,0.11386659741849854
83,35.49295863547755,129.23664162673109,-0.491760080732582,0.5,-0.05119661118847763,-0.3765802766323185,0,0.23880038910276913
84,35.493657109400786,129.41852130163196,2.472467026627534,0.0,-0.11404997071672855,0.15770464193770345,0,0.06070585473565594
85,35.49455832660678,129.41853717841366,3.1243421652663614,0.0,-0.017440768247161658,-0.02029286651912875,0,0.04443588024047486
86,35.49535534411879,129.42736917928605,-0.45147992436677103,0.0,-0.20096036431184283,0.5626522659643481,0,0.21335536749946007
87,35.495459543672105,129.41855305590016,0.6886400920040121,0.0,2.952714605983052,0.11459909930177287,0,0.15750458902034298
88,35.49805898413162,129.4274171111838,0.4338985084933268,0.0,0.6201677510134276,0.342623892956714,1,0.1550499373369045
89,35.498176174983456,129.41749863708657,0.632156114167675,0.0,-0.008983843404690797,0.24808898121815362,0,0.13553677969919248
90,35.499077391915456,129.417514505091,0.9371866537845981,0.0,-0.5183500985516376,0.016045562067001137,0,0.11154247441064215
91,35.49992662106092,129.42193868999192,-0.17817756095849419,-0.5,3.706036309955357,-0.5618908279111499,0,0.16656482867988387
92,35.49997860870679,129.41753037379985,0.9813599250832244,-0.5,0.5433497418640889,0.016045562067001137,0,0.0916330834946508
93,35.49999158046247,129.41642829298937,0.626491848999544,0.0,-0.08052429167978961,-0.0009359038475718304,0,0.13021371529911777
94,35.50077568562568,129.42636296271192,0.12630473445086984,-0.5,-0.09864264515648377,-0.4078775165779611,1,0.11753832657236774
95,35.501676898691585,129.42637893125482,-0.34800610274134264,-1.0,1.862314235288801,-0.4965944758114688,1,0.12579341532404756
96,35.503453186249686,129.42861511708566,-0.17587958375995363,-0.5,6.805017006900298,0.028423724387242336,1,0.21888142625573595
97,35.503518456152094,129.42310449522407,-0.014956108686723174,0.0,-0.4163391895691609,-0.1054462300094222,0,0.162157300611126
98,35.50354449366829,129.4209002415245,-0.5898120059009725,0.0,-0.4195193373409866,0.12841147750794613,0,0.20877325064621646
99,35.50357049093007,129.41869598500008,0.9287017189140423,0.5,-0.5450828860754159,0.34671666925553696,0,0.14975493287221203
100,35.50390578222253,129.3095671845115,-0.1815647447090783,0.0,-0.2024867601129149,-0.4439974833542648,0,0.16701957203993387
101,35.50435439802896,129.42863111236446,1.7113398242079108,-0.5,0.516920391008904,0.5836576506300463,0,0.07316663913261097
102,35.50438053704485,129.42642684113682,-0.10143404327509727,-0.5,0.46433392488211195,-0.3928548937775472,0,0.13427216956938007
103,35.504432694310495,129.42201829017836,0.09226396144646454,-0.5,-0.2499576578245193,-0.07162533918756152,0,0.12423573189413341
104,35.50444570846718,129.42091615067042,-0.2930430286080516,-0.5,-0.5574917480052775,0.10960030814424868,0,0.1462666336368549
105,35.504471706588724,129.4187118695364,-0.22220934807868398,0.0,-0.3043989589897235,-0.2574174554560157,0,0.17320308922599906
106,35.504795041715056,129.31068404583772,2.324484483786143,0.0,1.80586751581934,-0.12648107444577295,0,0.07089851155505746
107,35.50524130830427,129.08469676334582,0.47417184858833283,0.0,-0.584247024139258,-1.0374657615370195,0,0.11438125957302807
108,35.50526868463969,129.42754496078913,0.44233055208222394,-0.5,-0.35971734637732694,-0.17776156178365013,0,0.10490830011179485
109,35.505281749547784,129.42644281251538,-0.21428932561888542,0.0,-0.33254897766464736,0.520746452913681,0,0.19258363937668077
110,35.50615257215814,129.0836066115917,-0.14995646782131924,0.0,-0.5396027234608627,-0.9643909457771221,0,0.14955292043850893
111,35.506182961909964,129.42645878460291,-0.21505935935928627,-0.5,1.9181550713879927,-0.5767285284555355,0,0.15036821850941517
112,35.50704494662036,129.4297812739274,-0.3835059115482058,0.5,1.0985647722268421,0.19995609823926963,0,0.26465968524003963
113,35.507058032522174,129.42867910246142,-0.09622138398335317,-1.0,0.8910942267417649,0.2933294682190715,0,0.1199405838856962
114,35.50707110835919,129.42757693028528,0.14744593844053552,-0.5,-0.17029433056544438,0.12067693567514053,0,0.1257372872803919
115,35.508860454813814,129.42871109941015,1.1879203445565298,-0.5,0.4069419298731841,-0.15711504135752888,0,0.08082137446673024
116,35.508873531515654,129.42760890261988,0.09644015647829811,-0.5,-0.2997327976843962,0.7463622713763702,0,0.13990461006426205
117,35.508886598152046,129.42650670511995,1.6263323789917894,0.5,-0.5746108780644249,0.6740670696149765,0,0.11829683181787076
118,35.50928931184724,129.3118597015806,1.3814922482681937,0.5,9.218790458059585,0.15106539372657665,0,0.22464724598055633
119,35.50981391389068,129.42431825830127,-0.7291831031407139,0.0,-0.16583192649373207,0.5847259496230541,0,0.23719003421868962
120,35.50982695076161,129.4232160463676,-0.22043175404637752,0.0,-0.584247024139258,-0.02138295849551534,0,0.1759386762159578
121,35.51070207904407,129.4254364328514,0.3754924912794219,0.0,-0.46075998048252037,0.6125944836759355,0,0.1540125874643961
122,35.51071512641232,129.4243342093173,0.3506093222308637,0.5,-0.5710162694617504,0.43648163391386974,0,0.189704598433281
123,35.51076721522307,129.4199253081053,2.63305944697444,0.0,-0.20447248099029192,-0.29954501436784914,0,0.05210691184036863
124,35.511603290993534,129.42545239688462,-0.2684626435232982,0.0,1.4534727060220276,0.6324599143494427,0,0.22229420678113002
125,35.511629376526386,129.42324792449008,-0.015575569887613496,-0.5,1.2062695107263361,0.5332345007928386,0,0.15630603527779854
126,35.511944934154165,129.31631295364883,-0.9155169653232328,-0.5,-0.5711420152597138,-1.1067034284209365,0,0.15636588986605013
127,35.51251755103338,129.4243661134737,1.4826321862193643,0.5,0.03142402660810482,1.0375654061363342,0,0.13802757860311893
128,35.51285823831733,129.31522539563684,-0.18448140091349857,0.0,0.4549512862932874,-0.33168427661550287,0,0.17713853514818018
129,35.5134057144702,129.42548432707707,1.4754641138962725,0.5,-0.28457765518633305,1.2745694216152923,0,0.14049574103501977
130,35.51341876313283,129.42438206661407,1.682842616232048,0.5,-0.258405380846827,1.2781999857769692,0,0.12946028295367584
131,35.513516548311145,129.33728631648654,-0.51504874525235,-0.5,0.031756055831861515,-0.430759436278611,0,0.15323735229934107
132,35.513747440111864,129.31634244487662,-0.17352413385183638,0.5,0.3050849592572003,-0.4909498370372738,0,0.2139640128283479
133,35.513759491624775,129.31524012926542,0.5479146427273774,0.5,0.21411368913000892,-0.2595453657318734,0,0.16715959517307663
134,35.51425462894609,129.42990937723783,-0.4622838067116235,0.0,0.020502809540209634,-0.49104780627167516,0,0.18746772202706133
135,35.5143069259974,129.42550029323638,1.7826691183948478,0.5,-0.21700274311865259,1.2645954862283764,0,0.12436382897505957
136,35.51439327679429,129.33950592581593,-0.31895262374722,-1.0,-0.06532491278762978,-0.8978198474213787,0,0.10255777631602629
137,35.514442269820684,129.3350966655776,-0.05735538032535305,-1.0,0.16990498719312,-0.6932997935132527,0,0.09637700636875164
138,35.51466074479239,129.3152548635481,0.44821878575501295,0.5,-0.27533019825036764,-0.3930637967805036,0,0.16524050802961185
139,35.514672786634605,129.3141525349696,0.1496450238413269,-0.5,-0.2866970364908079,-0.32829435482371394,0,0.11636137342989492
140,35.51533128206604,129.33621395052668,-0.21640249993436317,-1.0,-0.5455126163960053,-0.6479300949157705,0,0.09883682123704478
141,35.51534351562396,129.33511162215663,-0.09150320230404481,-0.5,-0.4658337205082498,-0.6506930361005364,0,0.12087375940925305
142,35.51557404006057,129.31416725759263,0.8707255364820667,0.0,0.9222840205389097,-0.2874054955558593,0,0.12056955707265309
143,35.51648732591546,129.31307962700916,-1.1140409828934,0.5,0.5964397656316233,-0.20787161674917207,0,0.3124100979129214
144,35.51649934841435,129.31197727249594,0.24928735632654858,0.0,0.3696113575585083,-0.22781063633339058,0,0.15090272264454116
145,35.51715823110767,129.3340391836446,0.5127842534497327,-0.5,-0.21583773949628798,0.46657654380880154,0,0.11369128519844232
146,35.5174006023561,129.31199197179646,0.5804932325255925,0.0,-0.5147032607368555,-0.23151389904114786,0,0.12446709079620905
147,35.51805947689515,129.33405412990078,1.270741442976315,0.0,-0.3476957481020534,0.5056319971139261,0,0.10592510712778336
148,35.51821748161912,129.31972331201916,-0.1769490491998288,0.0,-0.4005880337965332,1.7363341468324056,0,0.22372252260378117
149,35.51909453404577,129.32194287193082,-0.04160137685690485,0.0,0.4041669461152186,-0.15443648554109993,0,0.1713925137382275
150,35.51920310982007,129.3120213723552,1.4647051332697576,-0.5,5.459348368611682,-0.15654000523936254,0,0.10194091294044486
151,35.5198741834891,129.33298163313194,-0.44288550081844386,-1.0,2.211056682455953,0.6477781800120739,0,0.1586698079383633
152,35.52004414218465,129.31754808595622,0.3908594944546075,0.0,1.9153324606045539,1.579014121258848,0,0.20405378437828506
153,35.52010436334233,129.31203607361348,-0.2467013637509481,0.0,-0.30690597287262844,-0.29303556047424184,0,0.17393156057335715
154,35.52077542926049,129.3329965690623,0.5476476721208365,-0.5,-0.5180089184634619,0.31248905223556533,0,0.10718692985634545
155,35.52090913882863,129.32087008594834,1.7435083017126736,0.0,-0.406833586046892,0.4604735165165444,0,0.08572417141152176
156,35.52094539357584,129.31756284945223,0.2970584266941667,-1.0,2.938877967297,1.5694437960246335,0,0.1419953965042844
157,35.5217254391636,129.3286018354085,-0.451130115583886,0.0,-0.26655644888881186,0.6089447761298981,0,0.21384361609501126
158,35.52182248426828,129.31978246322566,1.6579370801309308,0.5,-0.5179100494269345,1.103537863476251,0,0.12517754100526934
159,35.52184664482716,129.31757761360365,-0.7008628202267381,0.0,1.9922813230407543,-0.4940728781115526,0,0.2305852229441239
160,35.52188281012688,129.31427033425626,0.33136272492232854,0.0,1.2558419095952345,-0.31207197169217527,0,0.15275472971019177
161,35.52190686996739,129.31206547808804,0.7951984251583637,-0.5,-0.34002184241264716,-0.25484205738623555,0,0.08938672727420591
162,35.52259012696219,129.331924014026,-0.23450563987977324,-0.5,0.3264373095573147,-0.5435197018208916,0,0.13727516055301367
163,35.52262668626738,129.32861672339425,-0.14255520826666135,-0.5,-0.3103622456725268,1.0057438628359099,0,0.15980571317587217
164,35.52263885255858,129.3275142918611,-0.5499872360207657,-0.5,-0.36052525023073645,-0.1526022796641626,0,0.15782965634994064
165,35.52273582029577,129.31869481586753,-0.03796973854186623,0.0,0.1677619630616941,1.5234108814987868,0,0.21365373489134307
166,35.52278406243411,129.31428506210887,0.20397122362290057,0.0,5.850315676030868,-0.5133991022906277,0,0.20776790444172188
167,35.52280812307015,129.3120801813044,0.18953303977523556,-0.5,0.13885632793501337,-0.25549371818154243,0,0.11910610413068927
168,35.523612888566554,129.32091449123092,0.12762818978485052,1.0,-0.39896172644058003,2.085635668345845,0,0.3169386627320992
169,35.52363707086807,129.31870959364846,0.0793051504715294,0.5,0.3563912500783958,1.4481556004945633,0,0.25392884799306675
170,35.523649146910174,129.31760714387286,0.2355397575546524,0.0,0.2428326573030341,-0.23679817493524385,0,0.15029066420672418
171,35.52446565112441,129.32533913085683,-0.46949724634532086,-0.5,0.17042053911390154,-0.33771961897753094,0,0.15394414489954492
172,35.52450203153972,129.32203175443078,0.3300654917448885,0.5,-0.27008175661581846,1.018874280030259,0,0.21117565006518293
173,35.52452623478632,129.31982683352402,-0.6319133357353861,-1.0,3.057604824279809,0.04010968656883702,0,0.1650692076750407
174,35.52458656662904,129.31431451977565,-0.3251712603171581,-0.5,-0.4944060901758894,-0.05875331096740728,0,0.14508661094610897
175,35.52461062885622,129.3121095896953,1.466017190905015,0.0,-0.1323720978094688,-0.07789099159195217,0,0.09030808656746192
176,35.525281656017555,129.33307125866048,-0.2778092965636932,0.0,-0.49860833272863103,-0.21394933127427823,0,0.17591687156134353
177,35.52539116349934,129.3231490422693,1.4118726838501536,-0.5,2.646999635863977,1.0724562857227136,0,0.10422226158312217
178,35.52540328063236,129.32204657048266,0.15464591314583892,-0.5,0.4603467921623398,-0.4122502751229134,0,0.12053239134046106
179,35.525487818516744,129.31432924958986,-0.5452389212098645,-0.5,-0.364641032906743,-0.2879576821149573,0,0.15438707642899024
180,35.526195109142286,129.33198372040744,-0.18173096114879764,-0.5,-0.28856035901155186,1.168096459539044,0,0.16640078141667697
181,35.52623167328291,129.32867628194694,-0.8450765985182835,0.0,-0.07103055722897812,-0.3331116060958061,0,0.2198401074956678
182,35.5263045295851,129.32206138719224,0.894450069859559,0.5,1.1124273633435162,1.1231214159753653,0,0.18864654319642918
183,35.52631663704536,129.32095890242778,1.006991151917128,0.0,0.3966670318455983,1.1422041724028262,0,0.13684252421176687
184,35.52641313408296,129.31213900069736,-0.8054213042236731,0.5,0.3379836098857923,0.11996198700449526,0,0.28986066808949623
185,35.52713291968686,129.3286911732377,0.03869060573875332,-1.0,-0.5178307754802806,-0.24010559561924835,0,0.09478443446660746
186,35.527229984045306,129.31987120973196,-0.34385141807229636,0.5,0.7397127917188915,1.9803732674095695,0,0.31919516236711126
187,35.52724207175835,129.3187687113328,1.0504829637484416,-0.5,-0.4990824232689665,2.048182152655229,0,0.11390446509134526
188,35.52725414939765,129.31766621227752,0.7014405457367135,0.0,0.01485545570416063,1.683786387727105,0,0.16338398983780086
189,35.527314386486566,129.31215370717766,-0.20395775869450622,0.0,1.6539856916668647,-0.04008218746023953,0,0.20028274757102868
190,35.527326403682736,129.31105120419684,-0.9407101443275973,0.0,0.6974070831047303,0.10719650528271865,0,0.2522832631825638
191,35.52733841080498,129.30994870056378,-0.17269081681035223,0.0,2.25660643691943,0.12463870269303573,0,0.2100627977854159
192,35.52735040785328,129.30884619627878,0.5653814670317912,0.5,2.6012623451141934,0.35580899215524026,0,0.21000308439229864
193,35.527410241985024,129.30333366509646,-0.34849787991862335,-0.5,2.0391917128870576,3.4119167758979856,0,0.27593943982851804
194,35.5274221785893,129.30223115691228,-1.0044352366020484,1.0,-0.3070814670081558,1.3295474210481293,0,0.4104446340475529
195,35.52748171049913,129.2967186062829,-0.4581655686053257,0.5,-0.28856142344406693,2.6720522969949605,0,0.3403598830028352
196,35.527505452744045,129.2945135815107,-0.5468868198599631,-1.0,0.05510797229136723,0.9370737193791048,0,0.15016821117491677
197,35.52804633465582,129.32760355973826,0.21372681566423177,0.0,1.0619930699786015,0.027249106283675342,0,0.1660822898840889
198,35.528070641843854,129.32539854685473,0.25357352425211216,-1.0,-0.1483173362453891,-0.10173952821786006,0,0.09071005148032306
199,35.52816746763426,129.31657846898537,-0.31374912731131244,0.0,-0.5621252406150579,0.21705170285942652,0,0.18890685558050205
200,35.52821563875036,129.31216841431083,-0.9247038270972086,0.5,0.1719185847985173,0.5152124937022633,0,0.3134761870805931
201,35.528251661308005,129.30886086644747,-1.060706699503524,0.0,7.286085324698283,0.3232896305034315,0,0.3797788045689689
202,35.52827562597504,129.30665583128126,0.8538112025866968,0.0,0.46427374604203914,2.64960970372839,0,0.18211699288052385
203,35.52837108166842,129.29783566465312,1.1189710463020852,1.5,-0.43183043658032894,1.5675991417442372,0,0.2599372166490862
204,35.52838296829513,129.29673314091275,-0.5862725921024033,-0.5,-0.43640254953910024,2.7103095007717197,0,0.2379036533695919
205,35.528406711325005,129.29452809149677,0.1722298432175305,0.5,0.3374327631870066,0.3682681401852494,0,0.21232013986368597
206,35.52895974021515,129.32651592159627,-0.26072198582887085,0.0,1.2862179334584,0.41511054429656735,0,0.21305535503654863
207,35.528971889173825,129.32541340250282,0.7934502751810935,0.5,2.01936671580283,0.5846605000512594,0,0.19212788876851206
208,35.529020384264996,129.32100331953959,0.867554927630922,0.5,0.6017154723125059,1.297127214469577,0,0.18926220906638352
209,35.5290566498021,129.3176957504134,0.14113530083841638,-0.5,-0.41639026105399873,2.128709292402233,0,0.16728940598914205
210,35.52906871816557,129.3165932260593,-0.612990157439979,0.0,-0.4289568140972886,0.01607076728579214,0,0.20721835233647135
211,35.52911689087429,129.31218312209694,-0.2874993704610546,0.0,-0.43525047122949234,-0.3954339092619013,1,0.17271231953933155
212,35.52912634328761,129.39157895670192,1.057631760551633,0.5,-0.4432501347564809,0.6789655654100851,0,0.15042482396555118
213,35.52914091678133,129.30997806619598,-0.8100727944664956,0.0,2.6452519549043805,-0.685793932706211,1,0.24278172947020818
214,35.52921275271131,129.30336288286614,-0.3302831468183902,0.0,0.44353473162910995,-0.3201246491557769,0,0.1874933386894261
215,35.529307969766286,129.294542602127,-0.003331387173172498,0.0,1.9794119126712137,0.3770870541655244,0,0.2008426649102564
216,35.52986098700353,129.32653079022603,5.402994733234232,0.0,-0.44808136160965667,0.43864819962753737,0,0.016480446465428226
217,35.529873136363875,129.32542825881043,0.6252957238390491,-1.0,3.2922631901679766,0.4560869219922953,0,0.10718875555069371
218,35.529909523996835,129.32212066060856,1.0707708674764753,0.5,-0.11628123658023916,0.7831921279883397,0,0.15520507052911073
219,35.529933732045194,129.3199155918503,1.0903544232212956,0.5,0.12439193363087239,1.0523461518184025,0,0.16270088489214482
220,35.52994582095724,129.3188130564857,0.3544215917222424,0.0,1.3477354681577107,0.29991695962539544,0,0.16654912509770162
221,35.53000611439533,129.3133003698299,-0.33044563851996456,0.5,-0.3926633358495326,0.5736448506687136,1,0.2506301485129144
222,35.53002756564781,129.39159455298028,1.349488758039562,0.5,1.9690978637178882,0.6408789414534543,0,0.15566263229896354
223,35.530030161246536,129.31109529058915,-0.26048444065367504,0.0,0.4413888990808946,-0.4908993827963216,1,0.17813663233170937
224,35.53006615596139,129.30778766683622,-0.6282235170105231,0.5,7.320900868717023,0.3371005254792315,1,0.3991203233142527
225,35.530185483467925,129.29676221210838,1.1028961193950662,1.0,1.5532411881309816,1.039090867218582,0,0.221215926597691
226,35.53019736080548,129.2956596630773,-0.5755289946444273,0.5,0.40699579307324224,0.4223534792876445,0,0.27972404728176387
227,35.53022108525499,129.2934545630815,0.14953225739398834,0.0,0.21941682244756902,0.5849899622836069,0,0.17500630108646145
228,35.53024476940364,129.29124946051095,0.5676784013036508,0.5,0.9881984079898173,2.2244706111238313,0,0.24542244677127764
229,35.5304763812323,129.43019777607444,0.1623021682739012,0.5,0.9337993697740176,-0.14832554834343323,0,0.20571569417144012
230,35.53059107911945,129.3419812022928,2.8031434499229606,0.5,2.434929813008731,0.24695031553716956,0,0.08277064989336029
231,35.530737903902995,129.32875074501177,-0.10117225005457788,-0.5,-0.23753599844996845,0.42948859488854596,0,0.14504978011009262
232,35.530774383413984,129.32544311577752,2.0359636970072836,-1.0,0.012009646547003932,0.4600765038024412,0,0.04608158212236804
233,35.53081077224997,129.3221354806073,0.24015735268035568,0.5,3.0214766007225173,0.7230622572689513,0,0.25417790914460253
234,35.53082288171187,129.321032934234,1.9163471209932166,0.0,-0.07427601792463052,0.9107490838733256,0,0.08753040840568654
235,35.530834981098685,129.3199303872033,0.6643510186895767,0.5,0.8050846763411227,1.00854155760831,0,0.19870850126693362
236,35.5308712188085,129.31662274217248,0.08560478147242989,0.5,0.0024703376617025512,0.41121784378613957,0,0.21611723961851018
237,35.530941532441,129.3905076337729,-0.7906081137395726,-1.0,0.2632105341032167,-0.25343140201369685,0,0.14055090438372542
238,35.53097938787743,129.30669977175899,-0.7540707604987369,0.0,13.893642142874867,-0.49243555109825904,1,0.4322045745114995
239,35.53099135628647,129.30559721623226,-0.6895007299997895,0.0,2.173785350289314,0.3294141825065696,0,0.25865695771263103
240,35.531062955157815,129.2989818694466,-0.7988969970178679,2.0,1.2700674678379862,2.647455322586454,0,0.6104996324738107
241,35.531134191312525,129.29236649938932,-0.4659600115185667,1.0,0.2350225558457212,2.7557982416948272,0,0.4195640925529277
242,35.53145538587017,129.34530388106657,2.711063676777765,0.5,-0.06660104567512053,0.24977780624691137,0,0.07227456344409616
243,35.53151689232696,129.33979115055843,-0.07959162008225926,0.5,4.843410743900058,-0.030446075490382394,0,0.285139498435098
244,35.53165131992139,129.3276630848673,1.8540373547190916,-0.5,1.5127685436870029,0.51805917542621,0,0.07300253135541196
245,35.53166348016041,129.32656052946584,0.011547451820733263,0.0,-0.20255765136096937,0.8096619373502987,0,0.185596576715551
246,35.53167563032414,129.32545797340418,2.838210313791544,-0.5,-0.048094727928952925,0.5592073090877345,0,0.04251471729995174
247,35.5316877704125,129.324355416683,0.16750242418762265,0.5,0.9903297466606713,0.49935960329307205,0,0.22510208359923023
248,35.53178452840515,129.31553493923366,-0.6470598157886986,0.5,0.43583296240273245,0.21369264535095978,1,0.2795928266542754
249,35.53183266558989,129.31112468477934,-0.7133242296697939,0.5,0.36542619283933325,0.44249486266482785,1,0.29298923744020133
250,35.53188064156528,129.30671441988542,0.06518226570783657,0.0,8.805348927936183,0.6693853136907504,1,0.30110668789055994
251,35.53196421160851,129.2989964313058,-0.6061051279685239,1.5,0.036362327436390285,2.653652363621108,0,0.4967876250450614
252,35.532106325895555,129.28576552014746,-0.24464499169218107,0.5,2.2320404333713952,2.023943008738568,0,0.3356699536575944
253,35.53246673872295,129.2515852421341,-0.9593744905693101,0.0,-0.541868653059635,0.909705313728834,0,0.2626430667056491
254,35.53255256588787,129.32767796780124,-0.18033295518084524,-0.5,5.013142454968637,0.5412527195693135,0,0.21127360742950477
255,35.53257687709432,129.32547283169043,-0.6066355865514401,1.0,-0.584247024139258,1.1008499810625032,0,0.35216374332684935
256,35.53269782858347,129.3144471116471,-0.4199337388638886,0.0,0.36387751586793554,-0.7697280054953002,1,0.18111568753355742
257,35.53273123188538,129.3916413459697,0.03681540494335805,-1.0,-0.4889955475752757,-0.8265004684285303,0,0.08661325178174237
258,35.532733917551816,129.3111393828532,-0.453151624093616,1.5,-0.2857803330816545,1.2976603601434868,1,0.41448780383880945
259,35.532743977301564,129.39053880514692,-0.556901839913092,-1.0,0.0016502427263197566,-0.8963771688756135,0,0.11382499216990725
260,35.53275671264293,129.38943626363226,1.8662687988290774,-0.5,1.1168061904208801,-0.20104911249871046,0,0.06281358159452731
261,35.5328177724866,129.30342132618856,-0.3034559624372078,0.5,-0.03958437402085284,-0.35649295982038715,0,0.2238916360894774
262,35.5328535591754,129.3001135778768,-0.05837277392596143,-0.5,-0.3970389609062382,0.06509141184479758,0,0.13357676386944667
263,35.53288925517923,129.2968058237417,-0.558420359783725,1.5,-0.19206187443787912,2.7791454435280563,0,0.49231832747218945
264,35.53290113369487,129.29570323773842,0.7330864052323559,1.0,-0.22055043307643746,0.8451861919747949,0,0.22196493509435034
265,35.533465972757455,129.32659027134622,-0.4552901266284795,1.0,41.14913116234771,1.0897173021321234,0,0.9239890084115748
266,35.533478123724564,129.32548769063638,-0.3709698583527247,1.0,6.478877639514336,0.9008552918426548,0,0.44605768104147053
267,35.533490264615665,129.3243851092669,-0.08617403320312611,0.5,6.897682096489099,1.093434435230749,0,0.3627202185057349
268,35.533514516169795,129.32217994455118,-0.6969698729071391,0.0,9.56939125759442,-0.5082294510437589,0,0.3470800944197293
269,35.533587029006185,129.3155644346293,-0.4894709125397543,0.0,-0.1259358075712831,-0.3540610962714954,1,0.19137682288130384
270,35.53362314939629,129.31225667082214,-0.7654418645919964,0.0,20.77267505937054,1.2967876652453885,1,0.6384295190326796
271,35.53364519952112,129.39055439187175,-0.11314815850412732,-1.0,-0.584247024139258,-0.842266905351495,0,0.09150191146997694
272,35.53370707763755,129.30453853243966,-0.62767592463214,0.5,-0.39531716737943623,0.7274446885616018,0,0.28305646658156514
273,35.53386163443881,129.29020476261084,0.8655252805683453,0.5,-0.3928182721614007,0.8947325900970934,1,0.16801114258903838
274,35.53387345288775,129.28910216042135,0.32424583050134886,0.5,2.6437594948841734,1.0287844719664991,1,0.25136349643965644
275,35.53388526126008,129.28799955759027,-0.4480597580599132,1.0,0.95677514986667,0.1479249561719019,1,0.32463939468527564
276,35.53390884777476,129.28579435000546,0.33669679205390773,0.5,1.4961372074336745,0.24489064182404807,1,0.2106049972412029
277,35.53412207546979,129.34865686459742,-1.104042705538233,0.0,-0.10184144251786358,2.092676853509783,0,0.3263497688660328
278,35.53440364272347,129.3232973621939,-0.4265055364810422,-0.5,2.1562626324402303,-0.47418114145710805,0,0.1684570653949488
279,35.53441576386322,129.32219476718174,-0.2195838919024375,-0.5,0.5059743099846514,-0.42553417901441387,0,0.14053494289863167
280,35.534476218415776,129.31668178226136,-0.19602957905817012,0.0,1.6756556058230594,0.1378580685029128,1,0.2049603446856521
281,35.53454843135452,129.3100661787379,-0.7070052300305395,0.0,4.692551896839439,-0.5787427341592629,1,0.2667607971431108
282,35.53463222129734,129.30234794496857,-0.7052470977550405,0.0,-0.34945598183366405,-0.26880412060701464,0,0.20715884839438414
283,35.53465607059067,129.30014272947824,-0.997197642041481,0.0,-0.08846658095383604,0.11723942834583963,0,0.24635745426858313
284,35.534691768954794,129.29683490139084,0.4773486591284886,2.0,-0.2589887543310083,2.785840818402274,0,0.4400160389468469
285,35.53471551748008,129.29462967943778,1.1674162197791802,0.0,0.26388094084922786,0.45488223316102044,1,0.11436844759138017
286,35.53476289360805,129.29021922780348,-1.0265941507950649,-0.5,-0.2841424835582135,2.5472826093348933,1,0.27395162160866243
287,35.534786521210435,129.28801399813108,-0.47163891490760784,0.5,-0.46018212745216025,0.19298033859817645,1,0.2496306507463298
288,35.53509001196497,129.25934578062854,0.059427433531710115,0.5,-0.5104782126696079,1.6352392901633057,0,0.2493842350317721
289,35.53537746796788,129.31669654392178,0.6212482930048874,-0.5,0.0022003892357376964,-0.5008103063524394,1,0.09479706624499382
290,35.5354616839125,129.3089782512451,-0.44417319866623284,-0.5,-0.0938755810528037,-0.40856640507663655,1,0.1482550151803216
291,35.53554540608632,129.30125992664472,0.5565176517971285,-0.5,0.1954908555965884,-0.1601883013722273,0,0.10414622788353815
292,35.53559302563298,129.29684944118364,0.8846654434843877,1.0,0.26763940206155995,0.227837019278179,0,0.1984996072504906
293,35.535604905326764,129.29574681820327,0.8858004456919232,0.0,-0.481198488979983,0.3200535943418631,0,0.11971030513193535
294,35.535616774943385,129.29464419457796,-0.23484030760209895,0.0,1.1025278164962566,0.455112465355552,1,0.20986150529038636
295,35.53566415263761,129.2902336936383,-0.9434353676150568,0.0,-0.517618622995294,2.8765927093527375,1,0.33291088167284894
296,35.53596206924936,129.42367855626566,0.4622363535476566,0.0,4.940592624041014,-0.16802583776038654,0,0.18715692370921103
297,35.53606035299547,129.2527440243195,1.0026121821406822,0.0,-0.32241322062569683,-0.2504140997291868,0,0.10552786640879355
298,35.536206136889064,129.3233270340809,0.0927010408440864,-0.5,0.3468681161844908,-0.6612419823107856,0,0.11811352272639998
299,35.536254564191495,129.31891655147928,-0.6499210665132125,0.0,4.068041750084416,1.9904632893166427,1,0.3457842271731266
300,35.53630283026008,129.31450605837432,-0.41205999627554135,-0.5,6.624501996601845,-0.6510261498307084,1,0.21522685632736172
301,35.53636293610886,129.30899292727622,0.17136197922975205,-0.5,-0.5129108760583536,-0.5638499363465198,1,0.10950343515898235
302,35.53643473057666,129.302377148464,-0.6687426525757154,-0.5,-0.09199092967033648,-0.2795767028511577,0,0.16513854874587988
303,35.536446661050476,129.3012745163899,-0.8417932232198,-0.5,0.6425973402091588,-0.0596229773025409,0,0.19076264018129496
304,35.53645858144691,129.30017188366807,-0.3115629108808117,0.0,0.484057340254504,-0.2722138127163641,0,0.18789982912937458
305,35.53647049176588,129.29906925029908,0.07406982614817295,-0.5,-0.3597101551282746,-0.19457378517774956,0,0.12194017262132102
306,35.536482392007386,129.2979666162835,0.060847285088882916,0.0,0.018924309097335192,-0.1554048013018154,0,0.16065960855939906
307,35.536506162257965,129.29576134631466,1.2832484618379558,0.5,-0.584247024139258,0.17931176187563044,0,0.12621499225192695
308,35.5365654115275,129.29024816011528,0.49870818864452215,0.5,-0.3115663022451814,0.8401117313573557,1,0.19291033619770867
309,35.53658904069217,129.28804288113608,1.9457439649732335,1.0,0.6932426075878031,0.30808433867152146,1,0.136278216074624
310,35.53659694915048,129.10607412710885,-0.760153816600198,-0.5,-0.5742152317112373,-0.8938869583199124,0,0.15168202805521028
311,35.536892551513844,129.25937402262372,-0.11548531994795304,0.5,-0.33097410476012623,1.3153426901332959,0,0.2569257703670316
312,35.536904088954266,129.2582713656945,0.010669996632231496,-0.5,-0.5190845740077338,1.8394473081452758,0,0.1676931421224991
313,35.53692433935905,129.33988127152242,2.134525501580339,-0.5,3.4673273507021203,1.9999491013959214,1,0.09400770771851628
314,35.53695013793421,129.25386073171916,0.33666267345250017,0.5,2.1178888277531187,-0.16021085930186027,0,0.20677096164712808
315,35.536985606090234,129.33436815459982,0.03639754519456415,0.5,5.373360422489092,0.6213777098280121,1,0.30587758327031367
316,35.53699782920502,129.33326552922063,0.28517770392791164,0.5,2.8252598220436136,0.36072164354212033,1,0.23583278224890025
317,35.537179966652424,129.3167260692086,-0.7846117695421263,-0.5,0.9312614175632743,-0.6002139657187833,1,0.17594092951137658
318,35.53720408032956,129.31452079669177,-0.45337568571672654,-0.5,1.324080860323855,-0.6701220241902186,1,0.15688648093177127
319,35.537216122051845,129.3134181594516,-0.432928027969655,0.0,0.22290481610234794,0.5127583087496678,1,0.21586825146305216
320,35.537252186753385,129.3101102438108,-0.5830330942192675,0.0,0.018027552893948147,0.2978422960108579,1,0.21880624898932632
321,35.53732404406065,129.3034943949371,-0.24077262355083304,0.0,-0.5084198293267693,1.2338804562825736,0,0.21248806106844034
322,35.53733598500664,129.3023917511841,-0.27680670879721103,-0.5,-0.3459418971358738,-0.41244657035204596,0,0.13626384626241597
323,35.5373479158749,129.30128910678278,-0.23191562458697626,0.0,0.01136941262249753,-0.4300314423236502,0,0.17299169112575105
324,35.53735983666538,129.30018646173372,-0.018074980925033977,0.0,0.0633688451746514,-0.1342237166625803,0,0.16669101531455355
325,35.5373717473781,129.2990838160375,-1.0567367618464683,0.0,0.9377800878145318,-0.20623143219255155,0,0.2557051276168674
326,35.53738364801301,129.2979811696946,-0.3129957803978011,-0.5,-0.35637522401819216,-0.09556608880456785,0,0.14488771418266339
327,35.537431149774406,129.29357057786765,-0.1549851995434645,1.0,-0.318124149485137,0.38877116935606737,1,0.28392984482771927
328,35.53745484018786,129.2913652780886,0.41154520021652513,1.0,-0.05856953416984007,0.2827158206685286,1,0.23339078522003542
329,35.53775143661074,129.42481306920538,-0.5208722988472511,-0.5,1.5436205127093805,-0.7918695411789877,0,0.16050990673777304
330,35.53776448685043,129.42371047545268,-0.25481365719379007,-1.0,0.3772816477304357,0.8711322086834954,0,0.13504073668606414
331,35.53785140940326,129.2538747920153,0.3596647193720125,-0.5,-0.041562446217654904,-0.3268806263667408,0,0.10843313794829125
332,35.53791128575757,129.3321778393846,0.48487438080826073,0.5,0.6066697269693654,-0.016761825712324555,1,0.18181254345306205
333,35.53799649767448,129.32445935226144,-0.619316569308142,0.0,2.038143737268872,-0.48923358852721693,0,0.22462962363591465
334,35.538177431812855,129.30791962846223,-0.23899845627762004,0.0,6.227772945552141,0.5865170256363766,0,0.286929343564901
335,35.538213346537326,129.30461166606509,-0.6710719361983646,0.0,0.013677468473115037,0.5626259701251223,0,0.23405502791013877
336,35.53822529795612,129.30350901063318,-0.28750326281241606,0.0,-0.41673315385089843,-0.4746306925759633,0,0.17094890131118856
337,35.53889774386639,129.324474202838,-0.18914587186875653,0.5,7.5462605453387,2.167772287960906,0,0.43079046122073494
338,35.53911459989791,129.30462629473828,-0.42264985516658377,0.0,-0.2578337350558488,-0.47388244924994016,0,0.18192767361892712
339,35.539116120559726,129.3851347809005,-0.6799933917558201,-0.5,1.7311730112409451,-1.0798284154238575,0,0.1657891988715437
340,35.53950154760756,129.42925548239864,1.5975817584562353,-0.5,0.36275751074185963,-0.08069688389250317,0,0.06828904389241836
341,35.53966485490295,129.3366183619035,0.581438459324642,1.0,1.0330705276509495,0.8060230999448476,1,0.2507758805375179
342,35.53979898991834,129.32448905407378,0.34669762085470457,-0.5,0.6241886628171727,2.1330001713169247,1,0.1650320216494416
343,35.53984746393841,129.32007837686362,0.03598320532331737,-0.5,0.05740858158231496,-0.1693679688623999,0,0.12784424621726884
344,35.53994392821279,129.31125699093664,-0.23517897941793045,-0.5,1.7864889287110857,0.06967364965736418,1,0.16525374811051505
345,35.540015853118675,129.30464092406086,-0.7015531445708366,-1.0,-0.21646657486552867,-0.46167025008258306,0,0.12727073432402738
346,35.5403896518353,129.43037413328432,0.5483899565620572,0.5,-0.10304687564026276,-0.0001287705721767659,0,0.17007928110062442
347,35.54042892736286,129.4270662496117,0.6517635268603138,0.0,0.03213299536336477,-0.07237157633603854,0,0.12844466812875233
348,35.540455060662225,129.42486099027786,0.18644573469270295,0.5,-0.15495043373667086,-0.2924244542200017,0,0.1868900537230305
349,35.54046811219614,129.42375835954698,1.170036070224518,0.5,-0.5303117664891727,-0.1690209042022714,0,0.12582388716298043
350,35.54056609638076,129.33663334941357,0.22207996929921803,0.5,1.1242867117215323,0.7942656749931138,1,0.23144998973668518
351,35.540578341268905,129.33553067605268,0.2678669461517726,0.5,2.556487895380723,0.7942656749931138,1,0.2474123619283948
352,35.540602800809715,129.33332532733684,0.2914453394281471,1.0,-0.5172564542467925,0.6371509505247386,1,0.2485893539116061
353,35.54078496234277,129.31678512764722,-0.5668123810612543,-0.5,-0.10546195982921706,-0.5376100781555369,1,0.15261262853097585
354,35.54088118791324,129.30796362738866,-0.06217334773956523,-0.5,-0.26595308607261237,0.9050354543303782,0,0.15296722265149398
355,35.54090586827621,129.38626849666366,-0.10432501741000837,-1.0,-0.5231010302156904,1.5101700887379461,0,0.13183235798896722
356,35.541303959761436,129.42928753052186,-0.27497721053885443,0.0,0.3955779178148974,-0.4191544574646933,0,0.180462621342344
357,35.54130723174657,129.35098319081,2.427192853099089,1.0,-0.4811884527196192,0.5554735381779389,0,0.10730627178939212
358,35.541317052036746,129.4281848903038,-0.6826251241158411,-0.5,0.3318631656887507,-0.6468004947327302,0,0.16169275094500282
359,35.54135626839779,129.42487696538691,0.5006391487699476,-0.5,0.34056394387175687,-0.004963757475493244,0,0.1102998987949563
360,35.5413566765384,129.34657247879116,0.24699513384844204,1.0,2.4201592749987975,1.4580253654899862,0,0.3277476777642371
361,35.54136932036314,129.4237743223289,3.9588010624759695,0.5,-0.47448692602566855,-0.2027512458835983,0,0.03743561313008294
362,35.541375789011084,129.26165007385404,-0.42680373901692875,1.0,0.6667750003514538,1.362323027984465,1,0.3651895221896343
363,35.54161361602715,129.32341606555022,1.1883181279667219,-0.5,-0.25120612674283765,1.8374636967222002,1,0.1058450808528189
364,35.541782439667045,129.30797829499966,-0.08999865020145562,0.0,0.29908255345610557,1.408066920836336,0,0.2160634751606761
365,35.54179442290429,129.30687559220172,-0.4120101965265432,0.0,0.08597308449156103,0.40381438683852544,0,0.20930220427728047
366,35.54194622823728,129.37415465959444,-0.7974080143207244,-0.5,-0.5117847009256947,0.5912387806407456,0,0.1914866001293988
367,35.54220516562715,129.42930355565048,-0.19577603613264166,-0.5,0.2064283702049765,-0.7189506775425666,0,0.13056372492987264
368,35.542233211022705,129.34879296060762,2.189995736059451,0.5,-0.12625821743563817,0.6546642289832164,0,0.09603870416078934
369,35.54236857891622,129.33666332642989,1.2033909140758368,1.5,-0.2922619515923434,0.9948303073107505,1,0.23594116968534623
370,35.542393060232506,129.33445792972586,-0.21029623871425873,1.0,-0.21923642379508448,0.5706539714838377,1,0.2973623785165376
371,35.542417501232094,129.33225253036457,0.19264200421008074,0.5,0.7479349424918937,0.47957315486422325,1,0.21927791575795472
372,35.542526986806905,129.3223282004723,-0.47051270308209386,-0.5,0.1925544909548783,-0.3167683285579682,1,0.154702995727963
373,35.542599523618534,129.31571195089595,-0.5474233497660557,-0.5,0.49923628514865387,0.19150241241571114,0,0.17506178011327309
374,35.54268369128102,129.30799296326185,-0.23779234881889658,0.0,2.137798263505029,0.806551410988273,0,0.2342931786603045
375,35.54270764846813,129.3057875323546,-1.0106063827606382,-0.5,-0.08796270417482199,-0.35636134463382657,0,0.18643487571164527
376,35.54271961194216,129.30468481592558,0.3544104733788802,0.0,-0.049583710086656546,-0.16483406683866292,0,0.1421226204929326
377,35.542731565336524,129.30358209884702,0.657584752493874,0.0,2.2833819623767404,-0.08643896534795459,0,0.14824809103305364
378,35.543134447605574,129.3488080857433,-0.012717205835161734,0.5,-0.023928069121154947,0.6043280767681057,0,0.22957538746655284
379,35.543178325079815,129.26167837395218,-0.36611237146679443,0.5,3.700090976715159,0.943194358552464,1,0.3313157289084589
380,35.543220734769314,129.341089150675,0.549047652200006,1.5,-0.17575003655045413,1.6877791769846562,1,0.3232802825072874
381,35.543233021189586,129.3399864429904,0.7955222352689968,0.5,0.1943647382279567,0.8798708681745848,1,0.17875182734915385
382,35.54325756379188,129.33778102562036,0.2593576701174391,0.5,-0.584247024139258,1.0959977574923745,1,0.21497171481455762
383,35.543608900734185,129.3058021766062,-0.531864597071167,-0.5,0.042134118603489375,-0.42031568080414916,0,0.15460371373676104
384,35.54363281839321,129.3035967184367,-0.13251759767668353,-0.5,-0.28110026075182903,-0.4087942376497872,0,0.12912499616883533
385,35.54421998644172,129.33228241139892,2.6740232417793792,0.5,-0.2861194866418059,0.6301410129208151,0,0.07689292635617298
386,35.54423219262964,129.33117968606211,0.7232274144601198,0.5,2.2942528171914174,0.7131943851102038,0,0.2042434748866844
387,35.54434159472316,129.32125512827344,-0.25746723514303116,-0.5,0.480194703374465,0.6074500774122846,1,0.16589497484880197
388,35.54446219499722,129.31022777936673,-0.16783534128302027,-1.0,0.5639074219111211,-0.5555981394559676,0,0.10599296534482648
389,35.544474199583476,129.30912504087922,-0.5174764737041706,-1.0,1.7999142088030478,-0.633957958224528,0,0.1314781051399588
390,35.5445340713101,129.3036113386753,-0.6331771207642846,0.0,-0.13706877596735761,-0.5260823839370342,0,0.19709125104870517
391,35.54503856495815,129.25619283704708,0.6257276258506496,0.0,-0.37277777600189144,0.8470890457274046,1,0.14514937397388966
392,35.545050075588165,129.25509006726506,2.7261589416815846,0.0,-0.23162463747877654,-0.1441839871140378,0,0.05119491368498973
393,35.545363445398394,129.31024247424648,2.3791640122281486,-0.5,-0.2884452174336963,1.9101815442151389,0,0.06403462392330957
394,35.54537545038147,129.30913972342697,-0.3434672299563332,-0.5,-0.4917020316010145,1.7200610027729613,0,0.18926045701368052
395,35.54541140484691,129.30583146705973,0.3347756838608759,0.0,2.9057530529528472,1.2174088827909397,0,0.21041555802844092
396,35.54542336950741,129.30472871363622,-0.22780762951057723,-0.5,0.16005201325762228,-0.3915061073477782,0,0.13854483542230064
397,35.54575428716935,129.27385135602594,1.157536407720714,-0.5,-0.37783384736273407,0.5959783836984508,0,0.08742171548991742
398,35.5459283133198,129.25730970911852,0.6302413939005616,0.0,0.419079772242662,1.1125289431045586,1,0.15860193055715496
399,35.54593826134133,129.1668665064624,0.5318420810290799,-0.5,-0.39932073040122207,-0.5578910459309975,0,0.09491323932293273
400,35.54593983441185,129.25620692762877,0.3982382565908699,0.5,1.4851205899367461,1.0300973892177332,0,0.22897754047061722
401,35.54595134542236,129.25510414551343,2.000674224163467,0.0,0.17074757605767615,-0.26669164311047555,0,0.07107732921753984
402,35.54597433719875,129.25289857940837,2.7550012093991967,0.5,-0.17028246808951128,-0.44176843143528943,0,0.06289671310720926
403,35.54599728864883,129.25069301080762,-0.33028128444931754,-0.5,-0.5729579545766241,1.458471002532049,0,0.1805253602162993
404,35.546168289708426,129.31907925146203,-0.5605094722907862,0.0,1.006873656580199,0.23323390731812352,0,0.22809477049208196
405,35.54635127576896,129.38305357924014,0.34773039762385133,0.0,1.174552147750415,0.9435345335830174,0,0.18121216473230828
406,35.546702180654506,129.269454503274,-0.14354481532070837,0.0,4.357442635689013,-0.09431109043939513,0,0.22859172250072418
407,35.54680650906197,129.25952939842782,-0.042802940135091394,0.5,0.5056816481687617,0.676821881174066,1,0.24165706259966083
408,35.54684110372609,129.25622101883602,-0.2593461793002623,0.5,-0.3877284422478138,-0.0878202630296906,0,0.22382745808044396
409,35.54686411642625,129.25401542931266,2.606595648046681,0.5,-0.19379367826846552,-0.39755641106326073,0,0.06749415794847202
410,35.5473331092517,129.29483295005122,-0.5088734087633472,1.0,-0.26240643331421,0.09929106857515815,1,0.30886842299640677
411,35.5473568284442,129.2926273802839,2.89470457190516,0.5,-0.3804921308715259,0.009799730863935464,0,0.06273319860205
412,35.54769000400392,129.34447265884214,-0.4719221439961514,0.5,-0.12782266473110412,0.7929181624557818,0,0.27477130547117457
413,35.54770232269809,129.34336989150418,0.7648791311530543,-0.5,-0.015676493054859443,0.571369608974011,0,0.10543873989983575
414,35.547719319111266,129.25844072235859,0.18190851941616823,0.0,-0.35825036912258534,0.08579480482581583,1,0.15488861476818735
415,35.54775388467243,129.25513230388523,0.2823100466537882,0.5,0.013535212588569885,-0.14706367334621062,0,0.18586652636954948
416,35.54776538636175,129.25402949647656,0.5728008846849052,0.0,-0.3877284422478138,-0.3049458150433989,0,0.1245195166204144
417,35.54819870918012,129.29815586103106,2.067138023277463,0.5,1.0619537877806529,-0.4168339204538815,1,0.09273526562514632
418,35.548493066456864,129.27058579453598,-0.027214575771949936,-0.5,-0.19243607469921828,0.7487634277312528,0,0.14810563642182334
419,35.54861586949922,129.34228217866337,0.6787634645966596,0.5,-0.2629586116706235,0.38491793503501337,0,0.16921047146557544
420,35.5486205873846,129.25845483948692,-0.2559137772285985,-1.0,3.7701592414201337,0.11566265923802398,1,0.15062246693541148
421,35.548628168437844,129.34117939765494,-0.22828333444276233,-0.5,0.23830869603305435,0.5482146982210367,0,0.16010602944667987
422,35.5486404572951,129.34007661597877,0.9501031703578969,0.0,-0.009889247404201556,0.3112330622002399,0,0.1201580976513022
423,35.548655154088344,129.2551463840087,1.5751217364315786,0.0,0.7339728079995239,0.31122142006998166,0,0.09733737529865642
424,35.54866665615785,129.25404356426506,-0.11690999504102344,-0.5,3.9977010368242576,-0.11348396074769665,0,0.17675395807717847
425,35.54867726337829,129.33676826694887,1.1149674556358897,0.5,-0.44843775395544316,-0.4948607744902762,0,0.12312665866518574
426,35.54870175035979,129.33456269759992,-0.6238024018219671,-1.0,0.3396251348183273,-0.6272729844486002,0,0.12474574343370148
427,35.548726197015256,129.33235712559278,2.9837865081780666,0.0,-0.5649796396979316,-0.6825424714514364,0,0.04071683187678288
428,35.54908805761887,129.29927322949104,0.18877064174803168,0.5,1.498013411545232,0.07983580092487161,1,0.217450700433204
429,35.54909996336895,129.29817042284358,-0.2100293612261716,0.5,3.278554920064582,0.062200790590861296,1,0.27666250528140934
430,35.54911185903689,129.2970676155497,0.11075419480359076,0.5,2.0984813592695657,0.7919410973571707,1,0.25461712057784175
431,35.549123744622676,129.29596480760986,1.0475900899970763,0.5,0.432257390397956,0.784343894644785,1,0.16226356233287578
432,35.54942923095237,129.2672915762499,1.790314553158599,0.0,0.5384612935188235,-0.2682026499242139,1,0.07988472359734211
433,35.549475623897365,129.2628802717775,1.3062380671320641,-0.5,0.5392689154667598,0.4496223487300589,1,0.08542317265009562
434,35.5494871969268,129.26177744408562,-0.08377468725597002,0.0,0.2556271864514701,0.5835119961046359,1,0.19174476306533966
435,35.54952185551847,129.2584689572419,1.0775225885697222,0.0,0.1589549275784154,-0.008815776621559843,1,0.10972332308090793
436,35.54953338821675,129.25736612703972,-0.4425461399260554,0.0,0.2463353107870756,0.1702936681069151,0,0.20696609848371364
437,35.5495449108322,129.25626329621136,2.052271289682528,0.5,1.585477491637852,-0.37875305999724745,0,0.09733561227722698
438,35.549567925814515,129.2540576326781,-0.36498506084352794,-1.0,-0.547863048490114,0.2587448032699518,0,0.12102928553075563
439,35.549578503455436,129.33678326111382,0.32274081280649153,-1.0,0.08243155220034622,-0.32300318912293785,0,0.08640073988584619
440,35.54966403429101,129.32906367043444,-0.2936716899121598,-0.5,-0.075387103136016,-0.8313549078858563,0,0.13111073401962758
441,35.54968838093547,129.32685806713286,3.1995436041103593,-0.5,1.052340557429409,-0.8043797154746734,0,0.031139927472662896
442,35.549761178900795,129.32024124138835,-1.0242566168774248,-1.0,0.8260470290354561,1.887356505255607,1,0.21667138651657636
443,35.54984565112487,129.31252158144778,3.4386693719377743,-1.0,-0.1567114051032066,2.3451705755258425,0,0.03318824794857705
444,35.54997739504832,129.30039062262034,-0.18333040095563008,0.5,-0.25717016393247616,-0.12685174632435836,1,0.21823550819546814
445,35.55000121741799,129.2981849853026,2.609145939007162,0.5,-0.4830517403479121,0.07502511074221672,1,0.07131280191087212
446,35.550024999457776,129.29597934539888,0.005825415963973322,0.5,-0.3545347522232092,0.5689028667514372,1,0.22256709422937054
447,35.550400027104466,129.2606887588191,-0.4599779889392877,0.5,-0.35137476877755386,0.6317358813396646,1,0.2647787738901592
448,35.55044617958869,129.25627738992108,0.3126318548573463,0.5,0.4284850909246515,0.25972946719575407,0,0.1996031028525592
449,35.550491992733726,129.33569544693398,0.09659696795420145,-0.5,1.3924254162468805,-0.5909954653335303,0,0.1278255483420094
450,35.55051646116971,129.3334898269183,-0.24370013736694615,0.0,-0.1519059237726734,-0.5265674159859801,0,0.16962070654067424
451,35.550589624504376,129.3268729509519,-0.3192860995533393,-1.0,0.7551907053458329,0.3334776121966823,0,0.13103802971240283
452,35.550613931624326,129.32466732033785,0.45362481482755307,-1.0,0.5869972519159815,-0.5467246564542186,1,0.08163912038830858
453,35.5507589274215,129.31143348139562,1.0229870585044016,0.5,-0.5157824609499094,1.3913192461022086,0,0.16848631888006066
454,35.55085478468201,129.30261086979502,0.11761223854718544,0.0,0.23156520329467103,0.094623048832451,1,0.16518489622495502
455,35.55089056479014,129.29930237972602,1.3298185276381091,0.5,-0.3610105942248035,-0.20959695766645625,1,0.11842271105645955
456,35.550949996647645,129.29378821667677,-0.579884479946869,0.0,-0.5372856270612887,-0.24688962029657693,1,0.19601624256238062
457,35.55126657281242,129.26401145959264,0.37460008126726785,-0.5,3.5106306376824175,0.5844941553196384,1,0.15652769700456642
458,35.551270281766,129.34673861352726,1.2196517054162896,0.0,0.2548906523407635,-0.32074084798167235,0,0.09910218801270913
459,35.55131284782363,129.25960004888015,0.3409458243401665,0.5,-0.27512934326019406,0.5714431151033393,1,0.19760528677840095
460,35.551417702180345,129.3335047854093,-0.3960545543586168,-0.5,1.1200539478482927,-0.49200178662376415,0,0.1553893303377139
461,35.55144213109497,129.33129913806718,-0.6820973100970078,0.0,0.040181093442032884,-0.6528640403562568,0,0.1993694269089893
462,35.55155156212161,129.32137369227362,0.046566434180462066,-0.5,15.779821639170905,-0.7425567979349553,1,0.3042958718265871
463,35.551684202051504,129.30924251951419,0.7595092692879012,0.5,4.579322824222744,-0.6949226524301634,0,0.1902628522447464
464,35.55169619972963,129.30813968170392,0.5933475087244893,0.5,0.2379434422812611,1.2782948831436882,0,0.20467826624233404
465,35.55185125198805,129.2938027310843,-0.6289159830790549,0.0,-0.5676468286538118,-0.22071226386898488,1,0.2000225265903544
466,35.552097260656744,129.3533706726234,-1.101142866526537,0.5,0.256904095908755,0.3657971319702273,0,0.32721731354692163
467,35.55219099705469,129.2618199121398,0.26259258657265694,0.0,-0.10923933360103927,0.540073485319601,1,0.16295364648120095
468,35.552585451730664,129.30925720727743,-0.13280911430759978,-0.5,0.7748203898078695,-0.35368658221286403,0,0.13961273698823093
469,35.553080688925355,129.2629369464535,-0.363264082831025,0.5,-0.584247024139258,1.369235298808082,0,0.2777211961912004
470,35.55322018378144,129.33353470438365,0.04691512554190326,0.0,0.9296578805102376,0.11549602778303687,0,0.177967774117685
471,35.5532568144509,129.33022615835978,-0.28391963637206624,0.5,6.42830859533323,0.49202768630567995,0,0.3517164144625557
472,35.55349869974121,129.30816903320914,-0.6966583171850029,2.0,0.5202882465506684,0.86991751942341,0,0.508628961572524
473,35.55351068812883,129.30706617007405,0.05025325449111834,0.0,4.196267646021629,1.4859486758049074,0,0.2603924447364283
474,35.55355854084253,129.30265471102933,0.35212860567281623,0.5,-0.36085023405163086,-0.15449991293660287,0,0.176587368400854
475,35.5539616375448,129.3478867887537,1.453367291088133,-1.0,-0.4749495063123433,-0.06245636051161526,0,0.05288393202981295
476,35.55398195483361,129.26295111669506,0.032824646000071914,0.5,0.03071153956615992,1.318476438516119,0,0.2491022203055706
477,35.554005094633624,129.26074533731298,-0.38224309495122516,0.0,0.43278997898346716,1.4387015574265172,0,0.24300648077092676
478,35.55403972870025,129.25743666353134,-0.4315904372544139,-0.5,-0.25514819713866643,2.238419732034998,0,0.2133008778518565
479,35.554145855708924,129.33134394350736,-0.834821202488969,0.0,-0.34747837770632695,-0.8368607290887502,0,0.20096408496034646
480,35.55418242708765,129.32803535649631,-0.7282621988817509,0.0,0.8739796932311428,-0.8807721060445709,0,0.2067229080762999
481,35.554194597380025,129.32693249283577,-0.3881163365529801,0.0,0.012647832667601076,-0.22515305697994223,0,0.18914768116905953
482,35.55438795066939,129.30928658476006,1.5453772067694196,0.0,-0.0624291425340613,1.1382759896734853,0,0.10623869064606654
483,35.554423917020955,129.30597795834296,1.2492841949550482,0.0,0.5079681298467044,0.6188971487573136,0,0.11526510159611551
484,35.5544358856368,129.3048750815689,-0.3810352368655736,-0.5,0.20809130154983485,-0.6778927864576844,0,0.1416225651880038
485,35.554447844168635,129.303772204145,0.4106604817886406,-0.5,-0.23047643116743805,0.0001287705721767659,0,0.1102548491686491
486,35.55445979261642,129.30266932607168,-0.4996648131422954,-0.5,-0.2557084496933501,-0.13765328532547275,0,0.1561106426172993
487,35.55447173098015,129.3015664473495,1.6679580783887815,0.0,-0.5499118523658347,-0.12430888333009932,0,0.0798469971361139
488,35.554684897130386,129.2817145200252,-0.43551307073702844,0.5,-0.3598060774547613,-0.06336136318343619,0,0.2396594356336735
489,35.55497367952721,129.33797611010854,0.5887516660695525,-0.5,-0.3117749775059406,-0.4544680342372488,0,0.09474400076849912
490,35.555047096966845,129.33135887998017,0.6853335115868852,1.5,9.421827784561506,-0.15399574849679157,0,0.40316881409157135
491,35.55505929791325,129.33025600596812,-0.602278574106359,0.0,1.6244459766653467,0.09028904377186724,0,0.2355234120229526
492,35.55507148877576,129.32915313129348,-0.3701206180556711,-1.5,0.40674488656414637,-0.017387082333922717,0,0.09667927842556434
493,35.555108000859555,129.32584450329983,0.19585669533717107,0.0,-0.1015931423046524,0.3936392175005177,1,0.16381936500821487
494,35.555277190580256,129.31040416098622,-0.08185955726766049,-1.0,0.3878940058641247,0.786506723803314,0,0.12432420050088058
495,35.555325167469256,129.30599261104842,0.9448232981663269,0.5,-0.14026336346941815,0.14042523833378906,0,0.14814940421086062
496,35.55534909540779,129.3037868321743,-0.32499021941962175,-0.5,-0.21017102460509807,-0.30620912560551067,0,0.14243288199831713
497,35.55566817448161,129.27400856491764,1.1765356637927322,0.0,2.696460461759172,0.2770486358931988,0,0.13047373188680852
498,35.555788802881224,129.34571127912292,0.24462774615456997,0.0,0.2564688125822405,-0.15834613880953252,0,0.15163069765791157
499,35.55594833808472,129.33137381711606,0.12191615485000999,0.0,-0.5310088031963563,-0.04365873809794269,0,0.15389450602718133
500,35.55599708297783,129.3269622677428,-0.26531913214215813,-0.5,1.0259376152661948,-0.11648494079868316,0,0.15499802551124547
501,35.55602139491861,129.32475648908837,-0.2512956792632454,-0.5,-0.23956658697694314,-0.7795536401691768,1,0.12847452130885156
502,35.556154389558024,129.31262465942822,-0.021637394981648125,0.0,0.3497697639012269,-0.33232044285698714,0,0.16516368466821144
503,35.55616641947282,129.3115217618889,-0.6121534322630925,0.0,0.4861303135353236,-0.5655021499813159,0,0.20200525856987483
504,35.55619044904866,129.30931596485107,1.3030721328272914,0.0,0.5600253761052002,0.7477081617571604,0,0.1153887944263007
505,35.556238387184784,129.30490436295366,-1.1122533506917929,0.0,-0.13344586511896755,2.3208422439979888,0,0.3354738702103132
506,35.55636487931825,129.11296510850391,-0.323348429340081,0.0,-0.5446196036845437,-0.5090452891226758,0,0.17109841682217605
507,35.55665297952833,129.34903504337024,0.5522751936736963,-1.0,-0.39256968472374515,-0.4933071820261773,0,0.07365534690768052
508,35.556677695651224,129.3468292666741,-0.2118168816856346,-1.0,0.2246304616280877,-0.54653437298243,0,0.10564643533406584
509,35.55670237143699,129.34462348729468,-0.48987754220304086,-1.0,3.928335966493036,-0.6788942877847718,0,0.1484858780301139
510,35.5567146942034,129.34352059660014,0.9396266738722969,-0.5,3.337923297326784,0.4881635906439218,0,0.12142056301472974
511,35.556751601996424,129.34021192050363,-0.7520202176551667,-0.5,0.8770144801158,0.773267165980519,0,0.2101387159929589
512,35.55689832556671,129.3269771561877,0.795365479664166,-0.5,-0.35566773702192706,-0.01874119809829041,0,0.09268678781423388
513,35.557007415247725,129.31705102043824,-0.06674078926614659,-1.0,-0.3402670920895,-0.6556179313315594,0,0.09397358756704272
514,35.557039920705165,129.22880262312083,1.5331349795425049,0.5,-0.17427580070848483,-0.12324612297170016,0,0.11170378586688653
515,35.557055637346075,129.31263938746898,-0.12184815975517384,-0.5,-0.3522856213183954,-0.3120377483671545,0,0.12985101474768682
516,35.557067667658444,129.31153647759072,-0.33276253738828143,-1.0,0.07309359999058153,-0.258287725884123,0,0.11500308238972413
517,35.55707040186428,129.13393439144272,0.07102757177350412,0.5,-0.5031158416760563,-0.7444959175819084,0,0.17922788393572037
518,35.5570916980285,129.30933065587482,0.30040655656530096,-0.5,0.30612274904555253,-0.3845822852933245,0,0.11278154541209616
519,35.55710369808611,129.30822774403828,-0.9153422564805429,-0.5,2.6267321642041828,2.0141294584667384,0,0.2894784373431263
520,35.55726619392053,129.11297760162893,-0.21287677454847673,-0.5,-0.4378288633654541,-0.5079791644354777,0,0.1300757119255159
521,35.557541840271625,129.3501530789319,-0.377619391254964,-0.5,2.2242466884951555,-0.4195313581678253,0,0.1673110033794777
522,35.55761593058315,129.34353567078966,-0.23528031091916424,-1.0,0.16130413630914966,-0.001672874193047025,0,0.115591398750305
523,35.557665122430855,129.3391240519702,-0.24080577372032336,-0.5,0.5015846056111991,0.6912388634028815,0,0.16706431784743533
524,35.55767739518091,129.33802114559646,1.0264931917676454,-1.5,1.74860946580247,0.7964413067210458,0,0.06629242359798264
525,35.557701910426715,129.3358153308501,0.23794601289106732,-1.0,0.49253220598680736,-0.5146237032574491,0,0.08941432700487154
526,35.55784815477128,129.32258038663406,-0.43350817455942503,-0.5,-0.02357224952218638,-0.485434181050194,1,0.14661596671287475
527,35.557860276247624,129.32147747032073,0.3099341015137058,-0.5,-0.5537801699071073,-0.46246156025738633,1,0.10468624821663035
528,35.55792992386945,129.22991937067374,0.8359128859918787,1.0,0.059989646182162855,-0.11901791209046646,0,0.1901347889135545
529,35.5579689157042,129.31155119394586,-0.07847995335920145,-0.5,-0.3032215401439395,-0.27957156937338223,0,0.128621423572797
530,35.557974958918855,129.2255075375784,0.98780895533112,0.0,-0.3279115156130455,-0.31429445251438476,0,0.10509290176299013
531,35.55798093632896,129.3104482710747,-0.3453504203150498,0.0,-0.09570019146293174,1.3815545646377418,0,0.23080159587315158
532,35.55798619246534,129.22440457777674,0.07936305152599264,1.0,0.08628938870888381,0.1433914053437529,0,0.2598337604337876
533,35.55851716682279,129.3435507456484,-0.15540596458801104,-1.0,-0.4782459067951068,-0.01200272959821968,0,0.1068978432763399
534,35.558578633451965,129.33803615875863,0.41671498777222005,0.0,3.5466145788271404,0.6959842224522756,0,0.19735995737318096
535,35.558590896522524,129.33693323937902,-0.2411815439280788,-0.5,0.9556640380604284,0.3313456455384574,0,0.16321044621977415
536,35.558603149507974,129.3358303193334,-0.6604033735903189,-1.0,0.6289409774137359,-0.7893375443780819,0,0.12594627325315894
537,35.55863984795332,129.33252155520648,-0.09416117544429699,0.0,-0.3985337832943113,0.9176804733146886,0,0.1938093280447416
538,35.55870081032445,129.3270069350604,-0.5564321131856296,-1.0,-0.3847910616826059,-0.3237251532267651,0,0.12109500604312352
539,35.55872512467589,129.32480108237098,1.6126623292680722,0.0,-0.18400039914666172,0.049353353156844186,0,0.0862459433860058
540,35.5587372667236,129.32369815503608,0.2091200409028396,-0.5,0.03241498062113847,-0.2229586505198377,0,0.11789237857854529
541,35.55874939868594,129.32259522704194,-0.3928759373204604,0.0,-0.46585116694652023,-0.4997199139780777,0,0.17687708286013526
542,35.558761520562896,129.32149229838885,0.1043638105577877,0.0,-0.5290571982002084,-0.33950852563846684,0,0.14835372348166373
543,35.55883120041368,129.2299331738245,-0.5740997008760572,-1.0,-0.38813339148161713,0.8238433028782083,0,0.14504027741344105
544,35.55885373885593,129.22772723381692,2.4533989932656697,0.5,0.13221946993109823,-0.08363159854420082,0,0.07766706230397141
545,35.55886499294708,129.2266242628952,1.501945121114261,0.5,-0.26177759071116846,-0.20166847069951438,0,0.11113740608263907
546,35.558882184632104,129.310462975743,-0.3863125017404421,-0.5,-0.4333397691218152,-0.264178741449897,0,0.1447767309505421
547,35.55889869470038,129.22331534646548,0.6223711898134521,0.5,0.0017478139338761188,-0.061889360728794945,0,0.1648580957817316
548,35.55946759802158,129.33915410364037,-0.1898642621147774,-1.0,-0.5081857360856135,-0.40546432674969163,0,0.10178520380784724
549,35.55947987158289,129.33805117258734,-0.40569832976083614,-1.0,0.6634035385472208,-0.638392628822732,0,0.11632344746559038
550,35.559492135058754,129.33694824086774,-0.20306806774119815,-0.5,1.1191855683562186,0.07687324076964389,0,0.1565281927789854
551,35.559528864973494,129.33363944171532,-0.6254247115210096,0.0,0.15122921766269978,0.22223452245164352,0,0.22169799896575165
552,35.559766270468934,129.22663802963208,0.4727376195419206,0.5,3.0558143181555533,-0.30994125134094597,0,0.20376968718314853
553,35.55978874913409,129.2244320612713,2.130582586898525,0.0,1.0294586090948057,-0.2012818992450576,0,0.072138128311072
554,35.559811187451096,129.22222609047012,3.9768843495670665,0.0,-0.15049731126968943,-0.15252287576229445,0,0.029284164632122252
555,35.55995992182484,129.114118115326,0.07650276923339643,0.0,-0.35553394362054935,0.7846631431277693,0,0.17867701177298623
556,35.56038110957372,129.33806618708252,-0.07097710157163986,-0.5,-0.16459226047273748,-0.4564779432789881,0,0.12597869431407124
557,35.56052761048078,129.32483081452565,-0.29319965384704766,-1.0,-0.18952586875783314,-0.8081684944544448,0,0.1020154182653874
558,35.56067879259928,129.22554880076228,-0.1909363348713538,0.5,-0.051577845576460224,-0.028308210218789653,0,0.22451081215833263
559,35.56069002725965,129.22444580393378,2.0107066014963517,0.0,0.44396579573491596,-0.22227594575278115,0,0.07266895103194357
560,35.56070125183264,129.22334280649505,0.7755583465121939,1.0,1.3603436268319453,-0.09183689856670667,0,0.21131453370198652
561,35.56114677459417,129.35021367854162,-0.5371853668875688,-0.5,5.068547241809464,1.825043702693968,0,0.2845452078252751
562,35.56115914982678,129.34911072950302,-0.1387174801900617,0.0,-0.30725237619051526,2.3207106187637474,0,0.2399333038435211
563,35.561404536410976,129.3270516083272,0.8512622711556386,0.5,-0.021867593720566802,-0.014747364812598949,0,0.15143777765895164
564,35.56144099642485,129.32374271723558,1.394103820529564,-0.5,-0.27539852043533614,-0.39764758334404693,0,0.0677490874837847
565,35.56203562209645,129.35133179083272,-0.9731214561357217,0.0,-0.4894576757493991,1.2224916559971977,1,0.2754154539789629
566,35.56205854604843,129.26638767473585,0.742183705677636,-0.5,0.776358785207952,-0.46195675904535866,0,0.09557995011358582
567,35.5620603834659,129.34912586874566,-0.516147598876189,-0.5,-0.20427863108517896,2.1317236594806244,0,0.2175100144057943
568,35.56219584982686,129.33699324932994,0.15005061057793315,-0.5,-0.3537275199431025,1.3570245353452366,0,0.14945566952826742
569,35.56231794198606,129.32596352535958,2.512986888516665,0.0,-0.020549627124646624,-0.09257931416329794,0,0.05761775308993551
570,35.56306026225101,129.34031719473685,0.4470211893229507,-1.0,-0.15815031616817415,-0.4451030269812533,0,0.07898224305895515
571,35.563924581317394,129.34364120885584,-0.19579417560740794,-0.5,-0.08825157750029014,-0.558504577775727,0,0.13119164930994373
572,35.56398606013596,129.33812625172925,0.3233465110999361,1.0,-0.11066355898654404,1.7185503473656742,0,0.2887182631181602
573,35.56405950184337,129.33150828118306,-0.4022624450590067,0.0,0.9334678755323836,0.21030719974770268,0,0.213685223403309
574,35.56435343869115,129.1263146425098,0.36439850770414833,0.0,-0.11237999024572806,-0.7818952441448104,0,0.12844284377322862
575,35.564363766441396,129.12521155592543,0.23137723231181076,0.5,0.8314092434638144,-0.768041747850177,0,0.18255323302707785
576,35.56443577817417,129.1174899341606,-0.645345449186403,-0.5,-0.21560723124171594,-0.8684904670914041,0,0.1488663856719155
577,35.564446025204525,129.11638684310446,-0.9119956351283576,-0.5,-0.2039182122781997,-0.8930786318041272,0,0.1649361692208184
578,35.564773945518276,129.2653272817352,-0.025467561839813656,0.5,0.36260463287184336,0.24664975060381122,0,0.22484934037353638
579,35.564801153624295,129.3458622912545,-0.813463479470936,-1.0,0.22190337722692002,2.196927980223841,0,0.2016465611180956
580,35.564813490143784,129.3447592901622,1.512581222629373,-1.0,0.5507999875807128,-0.42253452013953013,0,0.05226874716025623
581,35.56493630053261,129.33372924247968,-0.5942622112944408,-1.0,-0.5032901337240941,2.111948925777953,0,0.17525406426929696
582,35.56496074156074,129.33152322495152,-0.19828768293486873,1.0,0.012053911025268227,0.07913746554063099,0,0.2822012161609751
583,35.56524440979169,129.12743038716835,-0.712464932579749,0.0,-0.0777664438385561,-0.8568566224912176,0,0.19457468335468164
584,35.56538822611885,129.11198695909044,1.4279785819548483,0.0,-0.24608662037413773,-0.3290125998468254,0,0.08750467121357473
585,35.56539842303572,129.1108838529095,1.5723104530692797,0.0,-0.5375155378890164,-0.32172840437285016,0,0.08068544726034634
586,35.565665316620326,129.3491864324373,0.12772654149556872,-0.5,-0.40366536713175977,2.186560615028909,0,0.1697185756273895
587,35.565702387927644,129.34587739615515,1.404916884353944,0.0,-0.19818781866389243,-0.4194330561230176,0,0.08740066023649208
588,35.5657639716868,129.34036232228078,-0.042845122794583364,-0.5,0.08979588759633872,-0.6600915171425479,0,0.12278872104130473
589,35.56593945852698,129.23997120949718,-0.11436119397580054,0.0,0.5310728771190333,-0.2842533439729511,0,0.17441580450473546
590,35.56615605711737,129.1263399356478,0.22430680399919006,-0.5,-0.425485350741182,-0.4045612998879805,0,0.1104445674228429
591,35.56626911489396,129.11420568080976,-0.40564111778292944,-0.5,-0.5176756104526511,1.0646867425425437,0,0.17625882644664803
592,35.5663201011633,129.1086900881665,-0.17803019169378845,0.0,-0.5059381516184843,-0.5263213203629719,0,0.16164628212352378
593,35.566591274667985,129.34699552683574,1.0721765464050066,-1.0,-0.5440066957617803,-0.4255784926345672,0,0.058677164039650606
594,35.566665207885144,129.34037736613112,-0.19317967016130755,-1.0,-0.022395033541963653,-0.7837495150541711,0,0.09931036039130173
595,35.56671429493539,129.3359652456302,-0.37088778374770026,-1.0,-0.37046020270336033,1.8128336699612486,0,0.15504867885472537
596,35.56677230802457,129.24660356784523,0.11123207870759072,0.0,2.2113581191913783,1.1544294449637322,0,0.2172861483708913
597,35.5667837369854,129.24550049630128,0.08150948775310517,0.5,0.7236900452347532,1.22101471740732,0,0.2515423027427205
598,35.56682935193477,129.24108820392408,0.09229131964813962,0.0,1.3587392600194022,-0.3937312097843322,0,0.16693477028785353
599,35.56685209887289,129.23888205402213,-0.10617500172816206,0.5,-0.47841314056837214,-0.27008361113832585,0,0.20522307158217173
600,35.56686345720775,129.2377789781447,1.7120239841103786,0.5,-0.31822208408480523,0.030500668752291175,0,0.10513190737179583
601,35.56687480545311,129.23667590165041,-0.8111728400065412,1.0,0.2385508283672707,0.3394605967573322,0,0.35808087697583
602,35.56713971376985,129.11752757835714,-0.4348025396884935,0.0,-0.36037182450668703,-0.7452074968961733,0,0.17468874887980632
603,35.56773062334099,129.24110213667385,2.7039969918269797,0.0,-0.20425531377926498,-0.23312821059272842,0,0.051047833592811676
604,35.56774200223081,129.23999904968494,-0.37146355377015017,0.0,-0.45814055737726145,-0.20608795184371198,0,0.18303562538328902
605,35.567753371030854,129.23889596207815,1.3377699310167792,0.0,-0.5459504315528075,-0.1749463534010442,0,0.09127133009043424
606,35.56776472974105,129.2377928738538,0.19724881621885454,0.5,1.425460434658907,-0.1549120210171273,0,0.20899302977039785
607,35.567776078361454,129.23668978501257,0.6992823393370635,0.0,1.148293659483402,-0.17661388144180473,0,0.13352252430852957
608,35.567787416892,129.235586695555,0.18017228860096168,0.0,-0.041711962497877904,-0.22679939778833952,0,0.15105945927003137
609,35.56845538206585,129.34151050898237,-0.09519786318849643,-0.5,2.164263809959179,-0.8596819912981557,0,0.13961918782411234
610,35.56859769626967,129.2444253643372,-0.242956456148921,0.5,-0.0953929558787332,1.2578145902367324,0,0.2700547071273281
611,35.568620505251864,129.24221916875976,-0.4954676850820874,0.5,0.09933861658011674,1.1224997419948406,0,0.2921937589756234
612,35.56888063254004,129.12417158235138,-0.3023808726427338,0.0,-0.2546339962365677,0.9507160998186382,0,0.21229628045052681
613,35.56890124099597,129.12196528289488,0.41976454263365315,0.0,0.11013512281546343,-0.11041145598887957,0,0.1410323990599823
614,35.56927024753148,129.3492470068843,0.5848711593753576,0.0,0.09829809486178094,-0.35161744099395126,0,0.12707573777551703
615,35.56949896626702,129.2444393353678,0.1281411607221762,0.0,-0.0016502427263197566,1.1517688943698179,0,0.1886847012602322
616,35.56951037618021,129.24333622554101,-0.242956456148921,0.5,-0.0373794689785727,1.4093103572057388,0,0.27617460860757226
617,35.569733170191434,129.30733022876777,-0.027397218306888814,0.5,-0.5056237690390737,0.035659012824355074,0,0.20756556299110357
618,35.569781941812145,129.12418420674695,1.3819351755047031,0.0,-0.37644280342159914,0.9471398620334498,0,0.1080901646593996
619,35.56979225142661,129.12308104494844,0.2222072808490133,0.0,-0.5171036295664877,0.8976892051334873,0,0.1699147425347336
620,35.569802550949134,129.12197788259004,2.2426744282884292,0.0,-0.375521520378249,-0.1077906924146115,0,0.06311512475106512
621,35.57059839984315,129.31065419584726,0.3957823132476008,0.0,0.6168138081982323,-0.27730218883303226,0,0.14356600185993962
622,35.57062242194847,129.30844800252336,-0.36077951487511184,0.5,1.5714513592840929,-0.06445320106112996,0,0.26064997898442976
623,35.57132431708707,129.2422610096217,1.6862810896268892,0.5,-0.262794633107728,1.2077889477383565,0,0.1278661886883666
624,35.57133570757221,129.24115787385864,0.27108096682599664,0.5,1.6452838282009754,1.155886143525716,0,0.24594265590694497
625,35.572460875945175,129.30516801244056,-0.18418182022449858,0.5,-0.43662937153387693,0.16698230023612437,0,0.2247778975710494
626,35.572472842383696,129.30406488815078,-0.7810912029185709,0.0,0.9933964846052821,0.15219777944924476,0,0.24399920814342674
627,35.57248479873151,129.30296176321102,-0.03549059007995445,0.0,-0.5684555677984573,0.14434770274108072,0,0.16788518220273418
628,35.57311545628394,129.24339206646908,0.6839303654802928,0.0,-0.17799182333898347,1.0781094826463684,0,0.14863752063669514
629,35.573138248851635,129.24118574616296,0.6082436305033875,0.0,-0.15348447740525972,1.2297854914410602,0,0.1568902618978726
630,35.573314155746274,129.30959520585705,-0.29146860041786266,0.0,2.1890040895983387,-0.4358716771459266,0,0.20233948929863207
631,35.573350147067146,129.30628580180084,-0.5148173645187842,0.5,-0.41405045094536164,0.6453624943132193,0,0.26933932120708587
632,35.5740167259614,129.24340602825063,-0.11647077391896833,-0.5,-0.07310440282107335,1.3707568283992484,0,0.16935669835444295
633,35.574203384382315,129.31071305500777,-0.5843248892790162,0.0,0.6736228034338944,0.09444009936939378,0,0.22139979221945022
634,35.57502022102205,129.3184498596681,-0.4615782481885121,-0.5,0.7257847536403166,0.6623076429487146,0,0.18376107159268612
635,35.575104630167324,129.31072777143106,0.5976695831257705,0.0,-0.3724882494003815,0.06874581731147218,0,0.1305998579137525
636,35.575628297424835,129.34494044507449,-0.034114690432892385,-0.5,-0.0205955404839807,-0.4134065987504033,0,0.12611146638288828
637,35.5756529499755,129.34273414456123,1.1738724946427674,0.0,0.5929701262571183,-0.5357196767055911,0,0.09997556467556395
638,35.5759335530013,129.3173614973521,-0.7418526695750013,0.0,-0.16543210974799127,0.7823005458752877,0,0.24457843737536605
639,35.576517188633595,129.34605870727523,-0.3491340651937846,0.0,-0.240848754769149,-0.42958741829557545,0,0.17817235927002253
640,35.57683479611674,129.317376289188,-0.1533876966004676,0.0,-0.5313460517137852,0.5679527692399909,0,0.18712949540784887
641,35.576883053286174,129.31296356984052,-0.4690297917081268,0.5,-0.531063019469722,0.607322280756498,0,0.2621191696086081
642,35.57830730072718,129.34719212081922,0.2907749238094332,0.0,-0.051464120227874326,-0.40868742180314277,0,0.1405659058983193
643,35.57834432863438,129.34388256190942,-0.13343619259799652,0.0,0.2593239990856095,-0.4495844976791405,0,0.1686483870783454
644,35.57835665108545,129.34277937426566,0.23497661439451412,0.5,0.07126160025291395,-0.04527820506795176,0,0.19266722536899855
645,35.57922088565573,129.34610405014902,0.32611777215086757,0.0,2.244370888346907,-0.46443068624385314,0,0.15950350131155572
646,35.57923322869929,129.3450008514938,-0.6128642426669882,0.0,0.17791369829010723,-0.28510714884475313,0,0.2061833727883294
647,35.58012211771602,129.34611916578228,1.2692654223679158,-0.5,-0.11298010221311422,-0.19058744898709049,0,0.07482603687867004
648,35.58014679452583,129.3439127430966,-0.43501922633007734,0.0,-0.2394851301245118,-0.25529675972816374,0,0.1887665786801131
649,35.58171318456497,129.36490430307214,-0.04783858124649561,0.5,-0.09321208194830108,0.7494452268654114,0,0.23609034928513886
650,35.581725700421245,129.3638010788415,0.08864647713637706,0.5,0.19467987205885826,0.8323026685374414,1,0.2311520800036149
651,35.58173820618418,129.36269785393108,0.14570086137223476,0.0,-0.4604510812305123,0.6417817199858027,1,0.16929005486163706
652,35.58258934639965,129.36712610185793,-0.22903850647796453,0.0,0.23136338025174022,0.37546721174390346,0,0.1964315589829758
653,35.58260188285668,129.3660228666353,0.2078866683608947,0.0,1.8748011478019424,0.6069884289702355,0,0.19032176456409902
654,35.58352815041814,129.3638317101337,-0.11747436736474949,0.0,-0.23328006620200897,0.1920882985963689,1,0.1782271467967909
655,35.583540657007454,129.36272846051568,0.5006485723574542,0.0,-0.5019219454021736,0.1955727795655451,1,0.13729362669181824
656,35.584391793632605,129.36715680863549,-0.7621250038975895,0.0,-0.441082744418022,0.37388962573239237,1,0.22962406301259294
657,35.584404330918034,129.36605354870443,0.16179675855501008,0.5,1.303669568363708,0.6069884289702355,1,0.23310428809008868
658,35.58445437911676,129.361640502175,0.01432640445593397,1.0,0.5553711038706621,0.1803719215384414,1,0.274051794075783
659,35.58535560459042,129.3616557948106,-0.1713934905144586,-0.5,0.9988719771631285,0.1860047317096895,1,0.15587052704148432
660,35.586194240304025,129.36718751813947,-0.36389222267179305,0.5,0.22950201692084535,0.5781809924435972,1,0.2628171036968626
661,35.586206778417896,129.3660842334977,-0.3465814648956537,0.5,2.5763676770171986,0.545333488599199,1,0.2960088441367696
662,35.588034272954076,129.36390830026343,-0.6774610354095074,0.5,-0.18205675133141794,0.5877112351713093,1,0.2861565375643293
663,35.588948006108886,129.36282029657568,-0.633569875777981,0.5,-0.03587114704161301,0.35744257431974175,1,0.2761394677654079
664,35.588985472738905,129.359510321239,-0.006317193141254149,0.5,0.42067475617726224,0.4756683831776606,0,0.23107410649995222
665,35.590700354525666,129.36726430382922,-0.5762555793143669,-0.5,0.24238241096589894,0.03423120213016196,1,0.17027994357306772
666,35.591576465459156,129.36948637854007,-0.6745553671826147,-0.5,-0.47001304893309387,0.04502396223167184,1,0.16938640720972237
667,35.61680661879139,129.447191202882,1.4596194503013755,0.5,-0.4112597197349039,-0.0016547168676272841,0,0.11548835511989555
668,35.626158800765445,129.3402678932516,0.7078084325641212,2.5,0.44408792059005026,0.02018298600944862,0,0.37786263776388496
669,35.626973616825985,129.34800995752528,0.24788089520300718,0.0,-0.584247024139258,0.5041223451786303,0,0.1581599750624814
670,35.62706002797751,129.34028296953323,0.18400565873393188,0.5,0.42956219854805905,0.11746726632078353,0,0.2053457627965521
671,35.62714594371772,129.33255594874507,-0.7102720488679688,0.5,0.3552960473149909,0.4558531482508069,0,0.29301536610555784
672,35.627775475544034,129.35685602321604,-0.6802426698561727,0.0,-0.4633220703972946,-0.3695791975200153,0,0.2009931822247243
673,35.62785006033265,129.35023285071406,0.2927099252757467,0.5,8.336702482271592,-0.1706805712216083,0,0.2990489039169835
674,35.627985853768436,129.33809030483405,0.384332337824121,0.5,3.5585237340514024,0.16672866942133802,0,0.2314627405806045
675,35.62799813796178,129.3369864330064,-0.35516799199911353,0.5,0.9356710412710839,0.1351693286454391,0,0.2575244496156086
676,35.6280104120443,129.335882560511,1.9451664443238548,0.5,-0.14593494011303704,0.15214680582768111,0,0.09828832364252023
677,35.628022676015966,129.3347786873485,0.9472555894223753,0.5,1.1444186134435708,0.15563421541848932,0,0.16113850251701442
678,35.6287512835924,129.35024803977234,1.7238459677560876,0.5,1.9880789102809344,-0.24854166512809217,0,0.1171301046319483
679,35.62878844072095,129.34693640726542,-0.408667895870606,0.0,-0.13857899922375988,-0.04717890495188721,0,0.1936559137809311
680,35.62966490294162,129.3491593402938,0.7859001192190906,1.0,-0.5100473760030104,-0.2972926845306997,0,0.18239418298479085
681,35.62967728906014,129.34805545040882,1.2956098248144376,0.5,-0.22149318880649205,-0.2762408898980641,0,0.12000262901278246
682,35.63076309736344,129.3315120015453,-0.4764437153724773,0.0,8.006746023611257,1.0427581193407247,0,0.3580186705884446
683,35.63145495252969,129.35029361099316,1.0008261143290964,-1.0,-0.1348069472953747,-0.30381010768338873,0,0.06360238809779721
684,35.631492113339256,129.34698186703918,1.422216114065525,0.0,0.14747253468881666,-0.34105202945475777,0,0.08997844083154209
685,35.63165209186067,129.3326309067959,-0.6492751224241115,-0.5,-0.3736870497657037,0.6634591893812084,0,0.1844191255978057
686,35.632393337264745,129.34699702164258,0.6635380200946737,0.0,0.3580933580928138,-0.3563690059519184,0,0.1251035588304121
687,35.63494779921361,129.36029002329857,0.09497471412623096,0.0,-0.17421821539876567,-0.5557091218123263,0,0.14756632415432824
688,35.634960288918194,129.35918606587182,-0.3161365913437859,0.5,-0.518422840801667,-0.5532973804088787,0,0.21282480772697926
689,35.635097008199395,129.34704248948952,-0.9938337751516846,-0.5,0.6489662656771908,-0.3300970442916758,0,0.19458795895819891
690,35.63519567179306,129.33821074639496,1.1781249909355007,0.5,-0.4673623633618918,-0.7428347509087191,0,0.11533028011769829
691,35.63587398777168,129.3580973889228,0.14282370601584155,0.0,0.09136307990645791,-0.4469843461827575,0,0.14968777510603645
692,35.63599823156365,129.34705764678424,1.2632904581674216,-0.5,-0.30340534517195533,-0.2967215975428623,0,0.07276128054555839
693,35.6367752068933,129.3581126707579,-0.17121699379745903,0.5,-0.4688738635968979,-0.3689131374409518,0,0.20751299845828794
694,35.63678767719511,129.3570086872012,0.9312712853944235,0.0,-0.2881001598155212,-0.52160003220913,0,0.1044732918786253
695,35.638058314829024,129.3239037662525,0.055451014830282176,0.0,-0.5078012808478151,-0.9143358707092614,0,0.13904704293313008
696,35.63862746852961,129.35372719907144,1.6903878741633913,0.0,-0.3331034165838177,-0.49171888480858844,0,0.075685814991462
697,35.63952868887507,129.3537424333887,2.1806734428065226,0.0,-0.4052671912633136,-0.2950103171745756,0,0.06277042120641758
698,35.639541119952774,129.3526384099603,0.1842665393936058,0.0,0.2152893003766228,0.7800882664105053,0,0.177534902615818
699,35.64042990908013,129.35375766838231,-0.40268311698509984,0.5,-0.4432904419201782,1.1597895567054421,0,0.27626055502462965
700,35.64045476194119,129.35154959607172,1.3114068117610789,0.0,0.39628583181816973,0.6073929966957075,0,0.11128491455220778
701,35.642257203571354,129.35158001852884,-0.45479320931255873,-0.5,1.2873570283720857,0.7340291776394283,0,0.19170724050877788
702,35.645084542766,129.34058463576042,1.8528636524822297,0.5,-0.4438261846556066,-0.761837956761175,0,0.08665733496629141
703,35.64509685490243,129.33948052991502,2.505485210021619,0.5,-0.5419612031583857,-0.7147745536981218,0,0.06535852890452283
704,35.65318323020038,129.34182468969948,0.0033313871731723657,0.5,-0.48476119971241577,-0.607503779079097,0,0.18776725534756789
705,35.65860289203563,129.34081106126806,-0.0932084432978851,0.5,0.01063466589887061,-0.8508201324193297,0,0.1940349573778293
706,35.65947944654808,129.34303476803774,-0.4392888377945866,0.5,0.48081415607852185,-0.917541913061763,0,0.22485184522314408
707,35.65949178543421,129.34193046518615,0.6405878784012115,0.5,-0.16792722881561828,-0.6647306789741633,0,0.14816513254858063
708,35.65955332802797,129.33640894087515,1.2133772722689393,0.0,0.09253207275721664,-0.6364536413618913,0,0.09349367839962945
709,35.66040533621991,129.34084126272958,-0.0708042923454039,0.5,-0.0633221180127245,-0.8033389968424038,0,0.19280887751621018
