,PR_per_PY,latitude,longitude,SB_score,CLSS,SB_worker_score
466,1879606.8796068795,35.38095868063523,129.3416943758689,29.796767,3,11.287944249999999
894,2439038.6869871044,35.38362567569446,129.34504083870914,78.290981,4,3.44032305
321,2319934.8180336775,35.401375018055845,129.2880853494827,106.70443100000001,4,0.932416036
738,3380988.5931558935,35.404102371207706,129.28592679814656,61.260467999999996,2,5.8670733020000005
706,2211867.6302776723,35.40412584561248,129.28372512904042,64.34601500000001,4,3.6280837999999997
888,3271311.120726958,35.40413756777167,129.28262429353327,46.15798399999999,4,8.293141235999999
155,3263792.304126101,35.40414927990203,129.2815234573908,40.44586399999999,5,2.63529
1432,2302904.5643153526,35.406853124275216,129.28156635789153,105.559989,4,15.690818121000001
1246,2448230.6684141546,35.40686482753925,129.28046548437,150.039112,3,3.5785857689999996
407,2831749.049429658,35.40953352844816,129.28381108274212,38.161393,5,1.1620069499999999
939,2201353.637901861,35.410446533309376,129.2827244893341,38.82925499999999,4,1.8254142
786,1820058.9970501475,35.41050500722426,129.27721987355707,46.713636,3,4.2001763809999995
1011,2358383.8383838385,35.41051667191357,129.27611894850108,53.511745000000005,4,1.0057331999999999
884,1736672.0516962844,35.42276817539149,129.31045210264062,32.852829,4,3.197524
911,1648013.9170774138,35.43361928550644,129.30732404909358,134.313615,4,1.457396452
505,4376106.194690266,35.434544435852,129.30513617356243,33.335445,3,0.7314963999999999
969,2106719.3675889326,35.437188454210755,129.31068628607878,34.404018,4,1.5182772000000002
145,2899543.378995434,35.43724824134386,129.30517991163978,68.36054,4,1.9407366999999995
322,1783323.8797504255,35.45184646556283,129.28889111452938,40.5488,4,1.7509155930000002
956,2393514.4609991238,35.45450304389401,129.29334040927222,52.426587000000005,3,2.637792
739,2476935.7495881384,35.45451486818216,129.29223889218306,105.121486,3,4.46075965
824,2429915.3339604894,35.45452668242305,129.29113737445266,100.98512000000001,4,3.09275075
878,2393458.870168484,35.455427953096425,129.29115180780104,52.512055999999994,2,0.643572
6,3175285.9273993038,35.47213132091157,129.40932685862063,118.012436,2,2.018837
1477,4264849.074975657,35.475710406321234,129.41159341457907,39.550489999999996,4,5.529422800000001
1079,4283727.399165507,35.47572331623019,129.4104916622264,34.430957,5,21.96305085
804,5204545.454545454,35.4766245392456,129.41050743890216,27.697630999999998,3,9.295909099999998
1064,4201626.016260163,35.47837527976706,129.4149461470221,53.24440499999999,5,22.267815443999996
423,2987700.335445397,35.47840115241975,129.41274257209142,100.909886,4,5.23152568
708,4212445.804641673,35.479263548813904,129.4160637736594,115.86897699999999,4,24.671654080999993
422,2554653.937947494,35.48012585200338,129.4193850433415,76.940825,4,1.9845607499999998
856,2516186.4105300605,35.480164769128095,129.4160796145882,131.150576,4,25.915064550000004
624,4231319.554848966,35.48017772139295,129.4149778035966,34.44821,5,24.9825767
903,3334443.0992736076,35.48025522382514,129.40836692291026,121.22614699999998,4,5.320195116
1258,2305003.427004798,35.48106598930167,129.4160954562202,114.826267,3,2.1777409999999997
362,5036390.101892285,35.481889279434796,129.42272229720956,37.532389,2,8.841117050000001
451,4321248.7411883185,35.48203187438622,129.41060211366536,63.817069000000004,4,2.0785962000000002
844,3263532.2007111814,35.482764438809156,129.42494189915328,66.1793,5,6.216502449999999
697,3944300.518134715,35.48280351063543,129.42163637036103,118.404835,4,3.0693268500000004
1257,6123443.421765025,35.48292018309173,129.41171974591757,65.545363,4,1.4403984500000002
1415,5987005.9556036815,35.48293309641767,129.4106178952443,72.703291,4,0.7016384999999999
335,2747126.436781609,35.48363955609406,129.42716154814147,65.16439199999999,3,8.02897935
438,4243107.769423559,35.483717732500104,129.42055041892866,91.534197,4,6.6008637499999985
448,4937674.4186046515,35.48373072670424,129.41944856158736,59.910351999999996,4,6.176678699999999
13,2897585.816672954,35.484233029338235,129.29491978105176,108.510372,4,12.1595628
996,2306990.8814589665,35.484553826375176,129.4260756501217,63.726089,3,12.5792212
881,4562467.053241961,35.48460594570328,129.42166818147382,62.75264399999999,3,11.9634866
7,3943933.294997125,35.484644929605174,129.41836257257202,108.151809,4,0.9434502
1493,3852443.6090225563,35.48465790412585,129.41726070152842,37.826634,3,3.89378375
879,4904472.667034787,35.48467086858983,129.41615882978098,52.423348000000004,3,4.62588455
526,2700460.8294930877,35.48554614821765,129.41837844230744,115.23571,3,0.17552109999999999
314,2543689.3203883497,35.48555912316749,129.41727655897043,98.243739,3,2.27359595
813,2766200.7623888184,35.48557208806033,129.4161746749295,93.12503799999999,4,0.95601655
291,2363004.1724617523,35.48558504289615,129.41507279018518,34.071964,3,2.2294275
393,3315589.3536121673,35.485623847061156,129.4117671317372,82.00561699999999,4,7.50217575
509,2383341.695935775,35.48635625743228,129.42610756240708,46.082926,5,0.9808977999999999
934,2083606.5573770492,35.486382338934824,129.4239037803235,38.502831,3,6.8300981499999995
654,2739700.3745318353,35.4864343812531,129.4194962076738,51.564194,3,12.121182099999999
1136,2774436.090225564,35.48644736668947,129.41839431274738,65.706294,4,18.3689999
1254,2012345.6790123456,35.486885144218476,129.21340302325314,67.889837,2,7.713930782
1037,4323529.411764706,35.48725747274976,129.42612351961225,25.533997999999997,5,0.490463
421,2048720.0660611065,35.487296581211325,129.42281780854282,53.181034,3,0.140073
1352,2339522.546419098,35.48730959725008,129.42171590343878,44.98458599999999,3,8.572713199999999
29,2536867.7635588055,35.48732260323121,129.42061399762855,83.962587,4,5.238970349999999
814,2688901.0388190267,35.48733559915476,129.41951209111272,82.80236,3,8.1101662
272,2016556.2913907284,35.487797540942886,129.2123146010129,81.47305899999999,1,9.919455288000002
1360,4230905.861456483,35.488158687926514,129.4261394775258,42.022324,5,0.49816875
498,2924675.324675325,35.48862030688123,129.30601204281626,14.04617,4,8.46638865
223,2350877.192982456,35.489112030911244,129.42174772161292,40.94769900000001,3,1.4940556
917,2776244.9528936744,35.489125037752814,129.42064579121222,114.327207,4,6.075012399999999
1418,3286229.2718096613,35.489151021261094,129.4184419282943,59.006271,4,2.9812214
1056,4211267.605633803,35.48994806029337,129.42727333463802,35.686393,4,4.1351169
926,4891061.452513967,35.49002625480261,129.42066168906268,43.97319399999999,2,8.535866749999999
55,3020242.9149797573,35.490052239170325,129.41845780155248,44.953193,4,1.4853773999999997
1123,4551203.133743704,35.49086233261255,129.42618735551702,58.468852999999996,3,19.10097215
425,2458593.2458593245,35.49095345693892,129.4184736755153,313.20212499999997,2,2.2415197
1492,3102730.819245774,35.491156067153774,129.23661393814334,46.13863,5,3.028006198
224,2102803.738317757,35.491776595595624,129.42510135180245,60.293897,2,4.6667366
722,2568181.8181818184,35.491854674566866,129.41848955018278,253.532655,2,5.5183314999999995
80,3835130.970724191,35.492703877923326,129.42291334531842,52.24613999999999,2,6.1418235
10,3120085.015940489,35.49272990510796,129.42070938684836,104.925174,3,4.957050649999999
9,3422404.7535826634,35.49274290361087,129.41960740655432,173.32589099999998,4,13.4671083
100,3632590.051457976,35.49275589205417,129.418505425555,110.889509,4,4.0114322
991,2830882.3529411764,35.49295863547755,129.23664162673106,34.109619,5,5.010841323
316,3985931.0344827585,35.493657109400786,129.41852130163196,193.273941,4,4.42
1485,3601125.51159618,35.49455832660678,129.41853717841366,228.276409,4,5.328156849999999
294,4861370.716510903,35.49535534411879,129.42736917928605,36.272464,4,3.6030149999999996
1266,3892742.927429274,35.495459543672105,129.41855305590016,97.49126500000001,4,33.24855035
781,4385700.389105058,35.49805898413162,129.4274171111838,83.81290299999999,4,11.321877215999999
1177,4181329.235497503,35.498176174983456,129.41749863708657,94.45835499999998,4,5.4076546
481,3679684.0719613866,35.499077391915456,129.417514505091,110.836985,4,0.6194518
754,2430267.06231454,35.49992662106092,129.42193868999192,50.947447999999994,3,40.330011
480,3679684.0719613866,35.49997860870679,129.41753037379985,113.20887099999999,3,10.5997638
571,3642972.53634895,35.49999158046247,129.41642829298937,94.15421199999999,4,4.735151914
504,2763222.131814483,35.50077568562568,129.42636296271192,67.29664,3,4.564833699999999
1004,2571428.5714285714,35.501676898691585,129.42637893125482,41.828495999999994,2,22.998444350000003
292,3706443.9140811455,35.503453186249686,129.42861511708566,51.070838,3,69.46140299999999
887,3417035.9428852783,35.503518456152094,129.42310449522407,59.711632,4,1.5783863879999998
687,3922603.342128408,35.50354449366829,129.4209002415245,28.844716,4,1.548492
1204,4394548.394548395,35.50357049093007,129.41869598500008,110.38138599999999,5,0.3681552
745,2685135.855087906,35.50390578222253,129.3095671845115,50.765573,4,3.5886663999999997
628,4906781.397254661,35.50435439802896,129.42863111236446,152.405178,3,10.3513196
38,2795698.924731183,35.50438053704485,129.42642684113682,55.068194999999996,3,9.8569903
1055,3490151.941474395,35.504432694310495,129.42201829017836,65.468819,3,3.1424250500000004
736,3881936.2455726094,35.50444570846718,129.42091615067042,44.779740999999994,3,0.251508
627,3088495.575221239,35.504471706588724,129.4187118695364,48.583158999999995,4,2.630659718
354,3371561.5742699956,35.504795041715056,129.31068404583772,185.328011,4,22.467827456
1455,1402141.0925061763,35.50524130830427,129.08469676334582,85.975382,4,0.0
424,3260700.3891050583,35.50526868463969,129.42754496078913,84.26566199999999,3,2.1106495
494,4770776.255707762,35.505281749547784,129.42644281251538,49.008424999999995,4,2.3660406999999997
795,1560118.5436071127,35.50615257215814,129.0836066115917,52.46278099999999,4,0.41967045
113,2398190.045248869,35.506182961909964,129.42645878460291,48.967078,3,23.52336575
694,4077272.727272727,35.50704494662036,129.4297812739274,39.922332,5,15.818959489
496,4279132.791327913,35.507058032522174,129.42867910246142,55.348088999999995,2,13.868671191
43,3905882.3529411764,35.50707110835919,129.42757693028528,68.43181799999999,3,3.89128535
266,3305335.2559480895,35.508860454813814,129.42871109941015,124.30014299999999,3,9.317487519
703,5258525.852585259,35.508873531515654,129.42760890261988,65.69306,3,2.6745231
1122,5102233.817055275,35.508886598152046,129.42650670511995,147.84069899999997,5,0.09058279999999999
946,3971577.915713819,35.50928931184724,129.3118597015806,134.693996,5,92.151631653
459,4909090.909090909,35.50981391389068,129.42431825830127,21.361178,4,3.93323335
73,3598768.8864017907,35.50982695076161,129.4232160463676,48.678607,4,0.0
1241,4969338.751385298,35.51070207904407,129.4254364328514,80.676789,4,1.160817
1465,4588607.594936709,35.51071512641232,129.4243342093173,79.340686,5,0.12437325
315,2997421.7311233887,35.51076721522307,129.4199253081053,201.89695899999998,4,3.57
750,5012285.012285012,35.511603290993534,129.42545239688462,46.099586,4,19.15520555
906,4797773.654916512,35.511629376526386,129.42324792449008,59.67837,3,16.831417863
833,1252459.0163934426,35.511944934154165,129.31631295364883,11.355972,3,0.1231912
1161,5888065.982157886,35.51251755103338,129.4243661134737,140.12471,5,5.787501270999999
1227,2927941.1764705884,35.51285823831733,129.31522539563684,50.608962999999996,4,9.76879055
629,6400435.255712731,35.5134057144702,129.42548432707707,139.73982,5,2.8169862
242,6408284.023668639,35.51341876313283,129.42438206661407,150.87501899999998,5,3.0630137999999993
436,2713754.6468401486,35.513516548311145,129.33728631648654,32.859133,3,5.79062245
374,2583631.4847942754,35.513747440111864,129.31634244487662,51.19731399999999,5,8.36
655,3083895.3331534932,35.513759491624775,129.31524012926542,89.935005,5,7.504841484999999
1211,2583419.689119171,35.51425462894609,129.42990937723783,35.692349,4,5.6848384
1286,6378873.013324771,35.5143069259974,129.42550029323638,156.23520799999997,5,3.4522115999999996
597,1704035.8744394619,35.514393276794294,129.33950592581593,43.388524,2,4.87803085
415,2146179.4019933557,35.514442269820684,129.3350966655776,57.435001,2,7.0892658
182,2795247.3058856037,35.51466074479239,129.3152548635481,84.581831,5,2.9039152
773,2935269.7095435685,35.514672786634605,129.3141525349696,68.54989799999998,3,2.79706335
284,2244262.295081967,35.51533128206604,129.33621395052668,48.894958,2,0.3641156
976,2238289.2057026476,35.51534351562396,129.33511162215663,55.601431999999996,3,1.11312225
183,3023665.659617321,35.51557404006057,129.31416725759263,107.268352,4,14.161865049999998
585,3195606.6945606694,35.51648732591546,129.31307962700916,0.696215,5,11.098826699999998
1463,3152501.344809037,35.51649934841435,129.31197727249594,73.900198,4,8.966568413000001
827,4653668.54797332,35.51715823110767,129.3340391836446,88.048677,3,3.4631629999999998
845,3144495.4128440367,35.5174006023561,129.31199197179646,91.684314,4,0.653733221
262,4738100.932791199,35.51805947689515,129.33405412990078,128.747226,4,2.2236563
123,7398705.501618123,35.51821748161912,129.31972331201916,51.013413,4,1.7264522000000002
42,3311125.916055963,35.51909453404577,129.32194287193082,58.280913,4,9.2914018
51,3306578.4029788994,35.51920310982007,129.3120213723552,139.162116,3,56.8116951
213,5045400.9433962265,35.5198741834891,129.33298163313194,36.733942,2,26.2767329
31,7058601.782042495,35.52004414218465,129.31754808595622,81.501921,4,23.496832322
2,3011494.252873563,35.52010436334233,129.31203607361348,47.268058999999994,4,2.607093
1078,4320553.111250786,35.52077542926049,129.3329965690623,89.92067,3,0.622659
1334,4640474.6632456705,35.52090913882863,129.32087008594834,154.132466,4,1.667742047
221,7037912.087912088,35.52094539357584,129.31756284945223,76.465268,2,33.1184816
840,4961448.598130841,35.521725439163596,129.3286018354085,36.291247,4,2.9863912
111,6030689.135498013,35.52182248426828,129.31978246322566,149.53771500000002,5,0.6235884
949,2576879.9102132437,35.52184664482716,129.31757761360365,22.881836999999997,4,24.2201758
63,2970340.215178831,35.52188281012688,129.31427033425626,78.307239,4,17.297413984
3,3094063.222821897,35.52190686996739,129.31206547808804,103.21291999999998,3,2.2957934239999997
759,2469982.8473413377,35.52259012696219,129.331924014026,47.922909000000004,3,8.560718799999998
747,5819272.291083567,35.52262668626738,129.32861672339425,52.860192000000005,3,2.57460295
475,3315091.2106135986,35.52263885255858,129.3275142918611,30.983109,3,2.10305495
490,6938395.415472779,35.52273582029577,129.31869481586753,58.475914,4,7.0691207
418,2535099.3377483445,35.52278406243411,129.31428506210887,71.46694600000001,4,60.48691059999999
775,3092654.424040067,35.52280812307015,129.3120801813044,70.691687,3,6.79739865
337,8153846.153846154,35.523612888566554,129.32091449123092,67.36770299999999,6,1.7417399999999998
744,6775704.105870376,35.52363707086807,129.31870959364846,64.77299500000001,5,8.842295250000001
941,3133071.5532286214,35.523649146910174,129.31760714387286,73.16202,4,7.774808806999999
450,2914893.6170212766,35.52446565112441,129.32533913085683,35.305023,3,7.09411215
843,5847658.402203857,35.52450203153972,129.32203175443078,78.237584,5,2.9532522
216,3731707.3170731706,35.52452623478632,129.31982683352402,26.584082999999996,2,34.23455135
19,3517979.4520547944,35.52458656662904,129.31431451977565,43.054613999999994,3,0.844533
855,3476606.4841778297,35.52461062885622,129.3121095896953,139.23256700000002,4,4.247766250000001
1312,3182467.5324675324,35.525281656017555,129.33307125866048,45.597717,4,0.8050306000000002
619,5963495.145631068,35.52539116349934,129.3231490422693,136.325275,3,30.3747336
310,2753768.8442211053,35.52540328063236,129.32204657048266,68.818421,3,9.81951
1188,3022471.9101123596,35.525487818516744,129.31432924958986,31.238070000000004,3,2.0643653
41,6170255.720053836,35.526195109142286,129.33198372040744,50.756648,3,2.7795475329999997
202,2924855.49132948,35.52623167328291,129.32867628194694,15.138271,4,4.824395999999999
110,6073026.015518028,35.5263045295851,129.32206138719224,108.542242,5,15.9492722
1144,6114280.245022971,35.52631663704536,129.32095890242778,114.58514099999998,4,9.22090025
1460,3904336.7346938774,35.52641313408296,129.31213900069736,17.267564,5,8.66925765
1414,3125921.375921376,35.52713291968686,129.3286911732377,62.592195,2,0.6243335999999999
734,7926283.680732079,35.527229984045306,129.31987120973196,42.051582,5,12.44563815
1490,8072876.932342903,35.52724207175835,129.3187687113328,116.920436,3,0.800574
1390,7285104.653525706,35.52725414939765,129.31766621227752,98.17858599999998,4,5.6317515
1328,3558343.789209536,35.527314386486566,129.31215370717766,49.563179,4,21.040090600000003
854,3876739.5626242543,35.527326403682736,129.31105120419684,10.003222999999998,4,12.047951200000002
1394,3914447.134786118,35.52733841080498,129.30994870056378,51.242059,4,26.7049149
235,4414204.715010445,35.52735040785328,129.30884619627878,90.872887,5,29.944788699999997
1361,11021078.956770275,35.527410241985024,129.30333366509646,41.80209,3,24.661148199999996
538,6519289.9408284025,35.5274221785893,129.30223115691228,6.581501000000001,6,2.6054432999999997
442,9421596.244131455,35.52748171049913,129.2967186062829,35.913478,5,2.7795375269999996
622,5670817.120622568,35.527505452744045,129.2945135815107,31.149586,2,6.0101378
305,3703904.5553145334,35.52804633465582,129.32760355973826,71.990773,4,15.475173999999999
458,3425049.309664694,35.52807064184385,129.32539854685473,74.130344,2,4.097875999999999
1373,4114231.014677728,35.52816746763426,129.31657846898537,43.667926,4,0.20795171399999998
733,4758812.615955473,35.52821563875036,129.31216841431083,10.862682999999999,5,7.10819425
1131,4343902.439024391,35.528251661308005,129.30886086644747,3.560002,4,73.98359629999997
1142,9373078.520980474,35.52827562597504,129.30665583128126,106.360136,4,9.8564246
890,7033924.205378973,35.52837108166842,129.29783566465312,120.597907,7,1.4327638
196,9504302.925989673,35.52838296829513,129.29673314091275,29.034765,3,1.3897845020000001
290,4441139.636819036,35.528406711325005,129.29452809149677,69.762591,5,8.664079518000001
28,4542406.311637081,35.52895974021515,129.32651592159627,46.51522099999999,4,17.58295815
1187,4908949.416342412,35.528971889173825,129.32541340250282,103.11905300000001,5,24.474787
812,6449202.024133904,35.529020384264996,129.32100331953959,107.098106,5,11.148420000000002
36,8246965.257429887,35.5290566498021,129.3176957504134,68.09296799999998,3,1.5779063
79,3679738.5620915033,35.52906871816557,129.3165932260593,27.600164,4,1.4597767539999997
48,2790123.4567901236,35.52911689087429,129.31218312209694,45.077408,4,1.4006144
728,5112823.674475956,35.52912634328761,129.39157895670192,117.30429099999999,5,1.32541505
39,2162406.015037594,35.52914091678133,129.30997806619598,17.017802,4,30.35830485
174,2952931.461601982,35.52921275271131,129.30336288286614,42.78013099999999,4,9.661471349999998
1002,4460204.885736801,35.529307969766286,129.294542602127,60.33582199999999,4,24.0991993
1369,4593291.404612159,35.52986098700353,129.32653079022603,350.628772,4,1.28
1305,4630991.464215364,35.529873136363875,129.32542825881043,94.089986,2,36.4404137
1026,5338146.811070999,35.529909523996835,129.32212066060856,118.009796,5,4.399025399999999
306,5920019.870839543,35.529933732045194,129.3199155918503,119.061336,5,6.6614287999999995
869,4293374.019180471,35.52994582095724,129.3188130564857,79.545386,4,18.161242299999998
64,4885135.135135135,35.53000611439533,129.3133003698299,42.77140599999999,5,1.80094685
573,5030485.762144053,35.53002756564781,129.39159455298028,132.975567,5,24.002243999999997
1050,2583740.559751222,35.530030161246536,129.31109529058915,46.527976,4,9.64129985
1332,4373759.647188534,35.53006615596139,129.30778766683622,26.782208,5,74.31087335
473,5891363.8139898395,35.530185483467925,129.29676221210838,119.73476299999999,6,20.093060621
566,4558064.516129033,35.53019736080548,129.2956596630773,29.611642999999997,5,9.31799385
456,4909661.667247995,35.53022108525499,129.2934545630815,68.543843,4,7.554692603999999
778,8453987.73006135,35.53024476940364,129.29124946051095,90.996221,5,14.781480997000001
568,3324336.9008841324,35.5304763812323,129.43019777607444,69.229524,5,14.270112949999998
1498,4178867.6008006865,35.53059107911945,129.3419812022928,211.029628,5,28.38121065
808,4573489.630297566,35.530737903902995,129.32875074501177,55.082252,3,3.2591925499999994
541,4639616.377720399,35.530774383413984,129.32544311577752,169.835873,2,5.6049999999999995
1396,5208154.506437768,35.53081077224997,129.3221354806073,73.409962,5,33.8949347
1148,5613906.969360216,35.53082288171187,129.321032934234,163.413055,4,4.793887649999999
850,5825320.512820513,35.530834981098685,129.3199303872033,96.18706200000001,5,13.0601544
835,4533990.84184572,35.5308712188085,129.31662274217248,65.111254,5,5.5153275
572,3097112.8608923885,35.530941532441,129.3905076337729,18.062959,2,7.966367249999999
1309,2580419.5804195805,35.53097938787743,129.30669977175899,20.024834,4,136.09670595
441,4357142.857142857,35.53099135628647,129.30559721623226,23.491925,4,25.92637067
34,9368421.05263158,35.531062955157815,129.2989818694466,17.617887,8,17.431138699999998
1267,9602643.171806168,35.531134191312525,129.29236649938932,35.494955,6,7.7013913999999986
356,4184980.2371541504,35.53145538587017,129.34530388106657,206.0854,5,4.8660347999999995
1086,3579175.704989154,35.53151689232696,129.33979115055843,56.24102499999999,5,51.02168795000001
914,4764966.740576496,35.53165131992139,129.3276630848673,160.067329,3,19.71260505
253,5395370.807746812,35.53166348016041,129.32656052946584,61.134741999999996,4,3.588
1149,4853923.205342237,35.53167563032414,129.32545797340418,212.912545,3,5.04
467,4724540.901502504,35.5316877704125,129.324355416683,69.508752,5,14.801516249999999
1399,4106969.205834684,35.53178452840515,129.31553493923366,25.770792,5,9.5890723
201,4601607.347876005,35.53183266558989,129.31112468477934,22.212721000000002,5,8.92722655
489,5092112.520683949,35.53188064156528,129.30671441988542,64.014666,4,88.2651514
160,9381818.181818182,35.53196421160851,129.2989964313058,27.969855999999996,7,5.8339228499999995
355,8020475.319926874,35.532106325895555,129.28576552014746,47.378476000000006,5,26.47398675
93,5611650.485436893,35.53246673872295,129.2515852421341,9.00104,4,0.39837
1358,4815107.913669065,35.53255256588787,129.32767796780124,50.831714,3,52.61721935
69,6024878.312601406,35.53257687709432,129.32547283169043,27.941373,6,0.0
762,1980952.380952381,35.53269782858347,129.3144471116471,37.966338,4,8.9126685
997,1858218.3186951065,35.53273123188538,129.3916413459697,62.49150600000001,2,0.8953938000000001
1239,6450354.609929078,35.532733917551816,129.3111393828532,36.182702,7,2.8056806499999998
823,1707154.7420965058,35.532743977301564,129.39053880514692,30.611828999999997,2,5.5076183499999996
583,3210355.987055016,35.53275671264293,129.38943626363226,160.72409700000003,3,15.990434550000002
1152,2874308.300395257,35.5328177724866,129.30342132618856,44.220618,5,5.12
871,3785714.285714286,35.5328535591754,129.3001135778768,57.380371999999994,3,1.7598146
1397,9653116.531165311,35.53288925517923,129.2968058237417,30.530292,7,3.6866636
621,5472169.238772325,35.53290113369487,129.29570323773842,99.877812,6,3.4188622
1395,6000811.03000811,35.533465972757455,129.32659027134622,36.067875,6,392.3068642
256,5592517.98561151,35.533478123724564,129.32548769063638,40.595456,6,66.3955905
344,6008846.947803008,35.533490264615665,129.3243851092669,55.887582,5,70.33248395
962,2546275.39503386,35.533514516169795,129.32217994455118,23.090868999999998,4,95.447389299
411,2879565.6465942743,35.533587029006185,129.3155644346293,34.232535999999996,4,4.3082693999999995
1154,6448467.966573816,35.53362314939629,129.31225667082214,19.414262,4,200.76177619999996
1179,1824133.5044929397,35.53364519952112,129.39055439187175,54.439205,2,0.0
935,5217628.705148206,35.53370707763755,129.30453853243966,26.811611000000003,5,1.776
375,5579281.567489115,35.53386163443881,129.29020476261084,106.989124,5,1.7994904000000003
1253,5869082.840236686,35.53387345288775,129.28910216042135,77.925097,5,30.344275256999996
420,3964788.732394366,35.53388526126008,129.28799955759027,36.456109999999995,6,14.4860925
1429,4174414.876563001,35.53390884777476,129.28579435000546,78.59365199999999,5,19.556265265
599,8169068.203650336,35.53412207546979,129.34865686459742,1.2330729999999999,4,4.534764
1166,2619883.0409356724,35.53440364272347,129.3232973621939,37.613465,3,25.761651618000002
210,2725050.916496945,35.53441576386322,129.32219476718174,48.724133,3,10.248422999999999
371,3943025.540275049,35.534476218415776,129.31668178226136,49.988883,4,21.2437946
130,2393835.616438356,35.53454843135452,129.3100661787379,22.55202,4,49.603567399999996
416,3063879.2102206736,35.53463222129734,129.30234794496857,22.646423,4,2.20710955
948,3898450.9466437176,35.53465607059067,129.30014272947824,6.970123999999999,4,4.660491899999999
186,9667590.987868285,35.534691768954794,129.29683490139084,86.14596099999999,8,3.057529906
777,4628387.096774193,35.53471551748008,129.29462967943778,123.19917299999999,4,7.972669284
1157,9151861.766853249,35.53476289360805,129.29021922780348,5.391677,3,2.8210769500000006
156,4062192.118226601,35.534786521210435,129.28801399813108,35.19002599999999,5,1.1662489999999999
248,7180152.6717557255,35.53509001196497,129.25934578062854,63.70566,5,0.69345
1410,2562314.540059347,35.53537746796788,129.31669654392178,93.872659,3,5.5127899000000005
308,2761732.85198556,35.5354616839125,129.3089782512451,36.664799,3,4.6096455999999995
1294,3298691.3010007697,35.53554540608632,129.30125992664472,90.396944,3,7.329781
620,4137547.3484848486,35.53559302563298,129.29684944118364,108.016856,6,8.008
1482,4336906.584992343,35.535604905326764,129.29574681820327,108.07779999999998,4,0.9686886
990,4628884.826325411,35.535616774943385,129.29464419457796,47.904939,4,15.85621335
358,9863783.783783784,35.53566415263761,129.2902336936383,9.856892,4,0.6263278999999999
1284,3281747.6521028993,35.53596206924936,129.42367855626566,85.334505,4,51.93522814999999
753,3103635.843114801,35.53606035299547,129.2527440243195,114.35001199999998,4,2.46132
1277,2215483.870967742,35.536206136889064,129.3233270340809,65.492288,3,8.752774800000001
215,7948096.885813149,35.536254564191495,129.31891655147928,25.617157,4,43.73297585
1085,2237569.0607734807,35.53630283026008,129.31450605837432,38.389118999999994,3,67.7645052
522,2426031.746031746,35.53636293610886,129.30899292727622,69.715991,3,0.6705821999999999
542,3040590.405904059,35.53643473057666,129.302377148464,24.606531,3,4.627361915
234,3516099.356025759,35.536446661050476,129.3012745163899,15.314572,3,11.5327224
523,3056507.9365079366,35.53645858144691,129.30017188366807,43.785315,4,10.0423966
1428,3224354.7319655856,35.53647049176588,129.29906925029908,64.491884,3,2.1107170999999996
260,3309032.5538743697,35.536482392007386,129.2979666162835,63.781898999999996,4,5.67
1103,4032642.5820649182,35.536506162257965,129.29576134631466,129.418791,5,0.0
901,5461198.970209636,35.5365654115275,129.29024816011528,87.292862,5,2.56328444
336,4311030.741410488,35.53658904069217,129.28804288113608,164.99152,6,12.008803821999999
1276,1712538.2262996943,35.53659694915048,129.10607412710885,19.698204,3,0.094302
851,6488581.314878893,35.536892551513844,129.25937402262372,54.313711,5,2.3808450000000003
919,7621621.621621622,35.536904088954266,129.2582713656945,61.087627,3,0.6125475
35,7968603.874415497,35.53692433935905,129.33988127152242,175.128154,3,38.0860718
468,3298642.5339366514,35.53695013793421,129.25386073171916,78.59182,5,25.4009258
85,4988326.8482490275,35.536985606090234,129.33436815459982,62.469069,5,56.003381396
915,4424825.174825175,35.53699782920502,129.33326552922063,75.82733199999998,5,32.050435345000004
1099,2347417.840375587,35.537179966652424,129.3167260692086,18.384933000000004,3,14.246255402
81,2196286.472148541,35.53720408032956,129.31452079669177,36.170671000000006,3,17.938881556
1052,4753507.0140280565,35.537216122051845,129.3134181594516,37.26860899999999,4,7.58748084
417,4288888.888888889,35.537252186753385,129.3101102438108,29.208709999999996,4,5.66157021
109,6312471.44814984,35.53732404406065,129.3034943949371,47.586403,4,0.7127994499999999
1049,2753344.481605351,35.53733598500664,129.3023917511841,45.651551,3,2.24014305
774,2715328.4671532847,35.5373479158749,129.30128910678278,48.06197999999999,4,5.5989816
963,3354823.073194377,35.53735983666538,129.30018646173372,59.544163999999995,4,6.0877926
1203,3199152.5423728814,35.5373717473781,129.2990838160375,3.7731679999999996,4,14.307532950000002
1280,3438395.4154727794,35.53738364801301,129.2979811696946,43.708377,3,2.1420665000000003
208,4485464.295794524,35.537431149774406,129.29357057786765,52.192763,6,2.501638616
1183,4256187.581415545,35.53745484018786,129.2913652780886,82.61264100000001,6,4.941533530999999
625,1933085.5018587362,35.53775143661074,129.42481306920538,32.546437,3,20.002623250000003
756,5528260.869565218,35.53776448685043,129.42371047545268,46.832468999999996,2,9.038671549999998
1327,2938325.991189427,35.53785140940326,129.2538747920153,79.826916,3,5.1014055
653,3608759.124087591,35.53791128575757,129.3321778393846,86.550055,5,11.19499155
1357,2587341.7721518986,35.53799649767448,129.32445935226144,27.260467000000002,4,24.651296900000002
1189,4912962.962962963,35.538177431812855,129.30791962846223,47.681667,4,64.0351275
254,4861313.868613139,35.538213346537326,129.30461166606509,24.48146,4,5.62067805
1330,2618911.1747851004,35.53822529795612,129.30350901063318,45.077199,4,1.574683
27,8331413.947536788,35.53889774386639,129.324474202838,50.358504,5,76.42932510000001
95,2620528.7713841368,35.53911459989791,129.30462629473828,37.820496,4,3.0683874499999995
132,1310559.0062111802,35.539116120559726,129.3851347809005,24.002422000000003,3,21.765675650000002
97,3470540.5405405406,35.53950154760756,129.42925548239864,146.29693300000002,3,8.902140099999999
1238,5387504.154204055,35.53966485490295,129.3366183619035,91.73506800000001,6,15.203293017
1153,8256241.5328043355,35.53979898991834,129.32448905407378,79.130647,3,11.359675049999998
360,3278846.153846154,35.53984746393841,129.32007837686362,62.446821,3,6.031764249999999
800,3795620.437956204,35.53994392821279,129.31125699093664,47.886753999999996,3,22.28566265
560,2646929.8245614036,35.540015853118675,129.30464092406086,22.84477,2,3.4572517499999997
623,3644717.444717445,35.5403896518353,129.43037413328432,89.960527,5,4.523432550000001
567,3488538.681948424,35.54042892736286,129.4270662496117,95.511176,4,5.7941658
641,3012815.378454145,35.540455060662225,129.42486099027786,70.52591399999999,5,4.035522799999999
1416,3279596.458719374,35.54046811219614,129.42375835954698,123.33984599999998,5,0.507008364
1247,5362086.2587763285,35.54056609638076,129.33663334941357,72.43929599999998,5,16.0607538
1226,5362086.2587763285,35.540578341268905,129.33553067605268,74.89783,5,29.523894807999998
821,5022426.371251013,35.540602800809715,129.33332532733684,76.163873,6,0.6297324000000001
667,2482758.620689655,35.54078496234277,129.31678512764722,30.079682,3,4.50073
521,5601554.907677357,35.54088118791324,129.30796362738866,57.1763,3,2.992063
329,6909770.687936191,35.54090586827621,129.38626849666366,54.91296399999999,2,0.5747915499999999
779,2738842.9752066117,35.541303959761436,129.42928753052186,45.74978599999999,4,9.210662236000001
471,4845851.318944844,35.54130723174657,129.35098319081,190.842942,6,0.9687829440000001
1027,2246704.331450094,35.541317052036746,129.4281848903038,23.861110999999998,3,8.611723551999999
214,3634264.884568651,35.54135626839779,129.42487696538691,87.396545,3,8.6935136
83,6797041.14655571,35.5413566765384,129.34657247879116,73.777117,6,28.242362952999997
683,3206676.214608351,35.54136932036314,129.4237743223289,273.082721,5,1.0317794
200,6590146.182999458,35.541375789011084,129.26165007385404,37.597453,6,11.76
942,7617333.333333333,35.54161361602715,129.32341606555022,124.32150199999998,3,3.13068905
1184,6689038.031319911,35.541782439667045,129.30797829499966,55.682219,4,8.3035755
559,4517985.611510792,35.54179442290429,129.30687559220172,38.39179299999999,4,6.300279550000001
268,4923170.731707317,35.54194622823728,129.37415465959444,17.697838,3,0.6811685999999999
477,2090725.8064516129,35.54220516562715,129.42930355565048,50.002497000000005,3,7.432597072999999
719,5060287.610619469,35.542233211022705,129.34879296060762,178.10663100000002,5,4.305238645999999
1001,5795678.722404885,35.54236857891622,129.33666332642989,125.13083600000002,7,2.7447514
842,4878669.27592955,35.542393060232506,129.33445792972586,49.222834,6,3.4312143
1076,4681765.3890824625,35.542417501232094,129.33225253036457,70.858623,5,12.522928949999999
1023,2960187.3536299765,35.542526986806905,129.3223282004723,35.250498,3,7.30217825
924,4058997.0501474924,35.542599523618534,129.31571195089595,31.120777,3,10.185083449999999
803,5388646.288209607,35.54268369128102,129.30799296326185,47.746429,4,25.588080750000003
334,2874592.8338762214,35.54270764846813,129.3057875323546,6.250140999999999,3,4.6652285
1228,3288647.810925998,35.54271961194216,129.30468481592558,79.54478900000001,4,5.0260031
184,3458126.9698334085,35.542731565336524,129.30358209884702,95.823747,4,26.956613249999997
945,4951467.944877172,35.543134447605574,129.3488080857433,59.831849999999996,5,5.267174183999999
614,5684049.079754601,35.543178325079815,129.26167837395218,40.856279,5,40.274122999999996
558,7293736.501079913,35.543220734769314,129.341089150675,89.995842,7,3.84
772,5547152.619589977,35.543233021189586,129.3399864429904,103.23030699999998,5,7.319195142999999
165,6014388.489208633,35.54325756379188,129.33778102562036,74.44092399999998,5,0.0
615,2736332.574031891,35.543608900734185,129.3058021766062,31.956205,3,5.888179500000001
50,2761240.310077519,35.54363281839321,129.3035967184367,53.399162000000004,3,2.8496748
1458,5007271.874266949,35.54421998644172,129.33228241139892,204.096512,5,2.8024925
307,5186821.557798514,35.54423219262964,129.33117968606211,99.348433,5,27.0588027
920,4958217.270194986,35.54434159472316,129.32125512827344,46.689985,3,10.0060866
453,2443870.9677419355,35.54446219499722,129.31022777936673,51.502774,2,10.793012449999999
1351,2274468.085106383,35.544474199583476,129.30912504087922,32.728775999999996,2,22.4118645
185,2507679.87065481,35.5445340713101,129.3036113386753,26.516224,4,4.203616
696,5476282.94036061,35.54503856495815,129.25619283704708,94.113177,4,1.9878773590000003
1434,3333290.372470679,35.545050075588165,129.25509006726506,206.895941,4,3.3147612000000004
1252,7774539.069359086,35.54536344539839,129.31024247424648,188.264031,3,2.7806298999999997
1053,7363525.25801195,35.54537545038147,129.30913972342697,42.072210999999996,3,0.869952
801,6276862.22808174,35.54541140484691,129.30583146705973,78.490498,4,32.807097
899,2798614.810868407,35.54542336950741,129.30472871363622,48.28255899999999,3,6.996644750000001
469,4933417.085427135,35.54575428716935,129.27385135602594,122.668676,3,1.9403487
982,6050126.582278481,35.5459283133198,129.25730970911852,94.355544,4,9.43158705
1368,2438914.027149321,35.54593826134133,129.1668665064624,89.07198799999999,3,1.7383652499999998
1000,5871921.18226601,35.54593983441185,129.25620692762877,81.89812400000001,5,19.4527056
837,3068446.088794926,35.54595134542236,129.25510414551343,167.941003,4,7.097186399999999
1087,2689954.7511312217,35.54597433719875,129.25289857940837,208.44462799999997,5,3.891396861
1223,6798004.551023981,35.54599728864883,129.25069301080762,42.780231,3,0.10612080000000002
239,4149214.6596858636,35.546168289708426,129.31907925146203,30.418117,4,14.957034199999999
632,5684784.490219837,35.54635127576896,129.38305357924014,79.18610199999999,4,16.533264688
1326,3441108.545034642,35.546702180654506,129.269454503274,52.807055,4,46.45343508100001
1048,5108189.331329827,35.54680650906197,129.25952939842782,58.216395,5,10.245671887
705,3455140.798952194,35.54684110372609,129.25622101883602,46.589095,5,1.8473363999999999
92,2785534.9070818685,35.54686411642625,129.25401542931266,200.475984,5,3.6703840999999997
383,3859649.1228070175,35.5473331092517,129.29483295005122,33.190718,6,3.0254026499999997
1494,3666181.465308103,35.5473568284442,129.2926273802839,215.946007,5,1.9153600000000002
431,5359173.126614987,35.54769000400392,129.34447265884214,35.174817999999995,5,4.290532349999999
1082,4880216.383307573,35.54770232269809,129.34336989150418,101.58492400000002,3,5.344741590999999
1389,3830472.1030042917,35.547719319111266,129.25844072235859,70.282288,4,2.124439547
257,3327064.896755162,35.54775388467243,129.25513230388523,75.67335299999999,5,5.6193408
1141,2985745.9613557174,35.54776538636175,129.25402949647656,91.271273,4,1.8473363999999999
647,2743859.649122807,35.54819870918012,129.29815586103106,171.50978,5,15.474804735
258,5263716.814159292,35.548493066456864,129.27058579453598,59.053413000000006,3,3.6831460000000003
1441,4477134.146341464,35.54861586949922,129.34228217866337,96.960939,5,3.020212
470,3895042.194092827,35.5486205873846,129.25845483948692,46.77339799999999,2,40.93278669800001
324,4830158.73015873,35.548628168437844,129.34117939765494,48.25701599999999,3,7.7322821500000005
863,4317837.837837838,35.5486404572951,129.34007661597877,111.530538,4,5.399143518
971,4317812.669193286,35.548655154088344,129.2551463840087,145.090941,4,12.3916805
1138,3399659.5020217067,35.54866665615785,129.25404356426506,54.237213,3,43.071751049999996
23,2575176.589303734,35.54867726337829,129.33676826694887,120.382934,5,1.2766498
1214,2288920.056100982,35.54870175035979,129.33456269759992,27.019599999999997,2,8.6846885
1126,2169435.215946844,35.548726197015256,129.33235712559278,220.729266,4,0.181119466
1022,3817589.576547231,35.54908805761887,129.29927322949104,70.65074999999999,5,19.573902173
1218,3779465.1700231098,35.54909996336895,129.29817042284358,49.237164,5,36.311551655
1208,5357060.849598163,35.54911185903689,129.2970676155497,66.461653,5,25.218489500000004
1062,5340636.768230058,35.549123744622676,129.29596480760986,116.76510299999998,5,9.555460799999999
1278,3065179.505054026,35.54942923095237,129.2672915762499,156.64573000000001,4,10.55381085
218,4617015.968063872,35.549475623897365,129.2628802717775,130.653219,3,10.56140275
1411,4906466.512702079,35.5494871969268,129.26177744408562,56.016414999999995,4,7.8950814000000005
995,3625937.3621526244,35.54952185551847,129.2584689572419,118.37232999999999,4,6.9863318
519,4013146.7345207804,35.54953338821675,129.25736612703972,36.752164,4,7.807734849999999
898,2826185.1015801355,35.5495449108322,129.25626329621136,170.71150999999998,5,20.396092
613,4204365.620736699,35.549567925814515,129.2540576326781,40.91681,2,0.3420208
1029,2946708.4639498433,35.549578503455436,129.33678326111382,77.844285,2,6.266988034
1235,1847723.704866562,35.54966403429101,129.32906367043444,44.745985000000005,3,4.7834431
1236,1906040.268456376,35.54968838093547,129.32685806713286,232.31435399999998,3,15.384437349999999
511,7725194.552529183,35.549761178900795,129.32024124138835,5.5171909999999995,2,13.2572071
401,8714924.039320823,35.54984565112487,129.31252158144778,245.15422399999997,2,4.018969115999999
1036,3370760.2339181285,35.54997739504832,129.30039062262034,50.670766,5,3.074625227
397,3807189.54248366,35.55000121741799,129.2981849853026,200.612922,5,0.951267455
581,4874883.6343325265,35.550024999457776,129.29597934539888,60.827497,5,2.159367513
938,5010719.754977029,35.550400027104466,129.2606887588191,35.816159999999996,5,2.1890723499999996
1237,4206494.325346785,35.55044617958869,129.25627738992108,77.30148399999999,5,9.52
192,2367346.93877551,35.550491992733726,129.33569544693398,65.70148,3,18.581341849999998
531,2506631.299734748,35.55051646116971,129.3334898269183,47.42921,4,4.06414215
191,4365927.419354838,35.550589624504376,129.3268729509519,43.370618,2,12.591135399999999
250,2463054.1871921183,35.550613931624326,129.32466732033785,84.872108,2,11.010064105
125,6652831.919284568,35.5507589274215,129.31143348139562,115.44404200000001,5,0.6435884000000001
277,3849557.5221238937,35.55085478468201,129.30261086979502,66.829896,4,7.668891200000001
819,3191876.75070028,35.55089056479014,129.29930237972602,131.919373,5,2.098492564
233,3111255.2708400907,35.550949996647645,129.29378821667677,29.377775,4,0.441451884
259,4908589.802480478,35.55126657281242,129.26401145959264,80.628871,3,38.4931363
548,2951599.3265993265,35.551270281766,129.34673861352726,126.00396,4,7.888157747999999
158,4880375.293197811,35.55131284782363,129.25960004888015,78.821804,5,2.9058033000000005
327,2581357.318070319,35.551417702180345,129.3335047854093,39.248532,3,16.020964489999997
532,2233595.800524934,35.55144213109497,129.33129913806718,23.889452,4,5.86982045
1032,2039692.7016645325,35.55155156212161,129.32137369227362,63.015088000000006,3,153.82738569999998
1061,2142671.009771987,35.551684202051504,129.30924251951419,101.29658900000001,5,48.539178549999995
913,6408489.178398823,35.55169619972963,129.30813968170392,92.374525,5,7.72884865
82,3167847.025495751,35.55185125198805,129.2938027310843,26.745026,4,0.156047052
975,4435797.665369649,35.552097260656744,129.3533706726234,1.3887799999999997,5,7.907084749999999
771,4812558.575445173,35.55219099705469,129.2618199121398,74.614623,4,4.4652215
958,2880375.2931978106,35.552585451730664,129.30925720727743,53.383509,3,12.775660599999998
170,6605089.538171536,35.553080688925355,129.2629369464535,41.009218,5,0.0
439,3894681.960375391,35.55322018378144,129.33353470438365,63.03381099999999,4,14.23118165
663,4708690.330477356,35.5532568144509,129.33022615835978,45.269622,5,65.9202256
937,5525634.8826066125,35.55349869974121,129.30816903320914,23.107598,8,10.3829785
1234,6857407.407407408,35.55351068812883,129.30706617007405,63.213052000000005,4,44.93833955
539,3310988.7949675643,35.55355854084253,129.30265471102933,79.422264,5,2.1
66,3509973.9809193406,35.5539616375448,129.3478867887537,138.55333,2,1.0274309999999998
45,6495356.037151703,35.55398195483361,129.26295111669506,62.277221999999995,5,5.780803669
114,6755265.797392176,35.554005094633624,129.26074533731298,39.990139,4,9.560467300000001
193,8484143.76321353,35.55403972870025,129.25743666353134,37.340431,3,3.093632349999999
1265,1835820.8955223882,35.554145855708924,129.33134394350736,15.688935,4,2.22569965
698,1740890.6882591094,35.55418242708765,129.32803535649631,21.410626,4,13.7077892
1063,3158246.6567607727,35.554194597380025,129.32693249283577,39.674775,4,5.61099915
62,6105788.067675868,35.55438795066939,129.30928658476003,143.493807,4,4.905252
1244,4982964.2248722315,35.554423917020955,129.30597795834296,127.595078,4,10.267165533
349,2179487.1794871795,35.5544358856368,129.3048750815689,40.054995,3,7.448229149999999
1381,3645274.212368728,35.554447844168635,129.303772204145,82.56513600000001,3,3.3255547000000005
1472,3347408.8291746643,35.55445979261642,129.30266932607168,33.685173999999996,3,3.0883658
128,3376257.54527163,35.55447173098015,129.3015664473495,150.075793,4,0.3227614
1120,3508017.4927113703,35.554684897130386,129.2817145200252,37.129805,5,2.1098154
350,2662500.0,35.55497367952721,129.33797611010854,92.12775099999999,3,2.561322827
868,3312078.72741979,35.555047096966845,129.33135887998017,97.31371800000001,7,94.0602463
530,3840188.014101058,35.55505929791325,129.33025600596812,28.175323000000002,4,20.762407999999997
198,3607407.407407407,35.55507148877576,129.32915313129348,40.641056,1,9.315635249999998
240,4495988.32968636,35.555108000859555,129.32584450329983,71.031236,4,4.5370981
61,5345312.5,35.555277190580256,129.31040416098622,56.119248,2,9.138431050000001
1471,3948575.399583044,35.555325167469256,129.30599261104842,111.24703500000001,5,4.173585874
866,2983014.861995754,35.55534909540779,129.3037868321743,43.064335,3,3.5164318999999997
289,4243935.926773455,35.55566817448161,129.27400856491764,123.68884200000002,4,30.8396809
1387,3302673.796791444,35.555788802881224,129.34571127912292,73.65,4,7.90299295
940,3550611.790878754,35.55594833808472,129.33137381711606,67.060995,4,0.500456
15,3393171.806167401,35.55599708297783,129.3269622677428,46.268377,3,15.1362414
1291,1959710.743801653,35.55602139491861,129.32475648908837,47.021367,3,3.24010438
150,2926565.8747300217,35.556154389558024,129.31262465942822,59.35288,4,8.780051199999999
457,2422459.893048128,35.55616641947282,129.3115217618889,27.645091999999998,4,10.0618832
382,5261435.477872815,35.55619044904866,129.30931596485107,130.483224,4,10.756519999999998
1320,8662329.615861215,35.556238387184784,129.30490436295366,0.792202,4,4.2376725
603,2544511.668107174,35.55636487931825,129.11296510850391,43.152491,4,0.37251019999999996
873,2578535.237217872,35.55665297952833,129.34903504337024,90.169145,2,1.8018272
194,2463465.553235908,35.556677695651224,129.3468292666741,49.14118299999999,2,7.60370245
333,2177322.0747889024,35.55670237143699,129.34462348729468,34.210702,2,42.41969759999999
1112,4700336.7003367,35.5567146942034,129.34352059660014,110.968002,3,36.869633050000004
797,5316690.442225392,35.556751601996424,129.34021192050363,20.134938,3,13.736317149999998
1113,3604480.0,35.55689832556671,129.3269771561877,103.22189,3,2.1487171000000003
637,2227642.276422764,35.557007415247725,129.31705102043824,56.931051000000004,2,2.293488
1016,3378555.083360575,35.557039920705165,129.22880262312083,142.83646,5,3.8538582800000003
1116,2970414.201183432,35.557055637346075,129.31263938746898,53.972058,3,2.18051005
1256,3086614.1732283463,35.557067667658444,129.31153647759072,42.647,2,6.179208350000001
74,2035500.598324691,35.55707040186428,129.13393439144272,64.32853,5,0.7626586000000001
1201,2813583.138173302,35.5570916980285,129.30933065587482,76.64504600000001,3,8.36975555
886,7999259.807549963,35.55710369808611,129.30822774403828,11.365353,3,30.184213000000003
1028,2546816.479400749,35.55726619392053,129.11297760162893,49.084272000000006,3,1.376376704
252,2738028.1690140846,35.557541840271625,129.3501530789319,40.238409000000004,3,26.4007231
787,3641379.3103448274,35.55761593058315,129.34353567078966,47.881313000000006,2,7.0084151
841,5139356.814701378,35.557665122430855,129.3391240519702,47.584623,3,10.207158399999999
391,5366789.667896679,35.55767739518091,129.33802114559646,115.632304,1,21.9295838
1480,2532451.923076923,35.557701910426715,129.3358153308501,73.291224,2,10.122063
1163,2595555.5555555555,35.55784815477128,129.32258038663406,37.237458000000004,3,5.270519
1124,2645219.123505976,35.557860276247624,129.32147747032073,77.15662799999998,3,0.286398
594,3387695.879280325,35.55792992386945,129.22991937067374,105.39908499999999,6,6.056027068
37,3040601.5037593986,35.5579689157042,129.31155119394586,56.300715999999994,3,2.6417278250000003
671,2965535.524920467,35.557974958918855,129.2255075375784,113.55515199999999,4,2.4096343
1354,6631722.054380665,35.55798093632896,129.3104482710747,41.971093,4,4.592493689
159,3954987.8345498783,35.55798619246534,129.22440457777674,64.77610399999999,6,6.303252909
1425,3619047.619047619,35.55851716682279,129.3435507456484,52.170170000000006,2,0.9964438000000001
432,5149615.612063868,35.558578633451965,129.33803615875863,82.890233,4,38.83139665
1090,4361318.407960199,35.558590896522524,129.33693323937902,47.564446,3,14.475647699999998
936,1938559.3220338982,35.558603149507974,129.3358303193334,25.054308999999996,2,11.404348299999999
148,5628891.656288916,35.55863984795332,129.33252155520648,55.458712,4,1.7457627999999998
1443,2945147.6793248947,35.55870081032445,129.3270069350604,30.637050999999996,2,1.8749486999999998
957,3751690.8212560387,35.55872512467589,129.32480108237098,147.106685,4,3.762444
1292,3162990.6542056073,35.5587372667236,129.32369815503608,71.743412,3,5.796816549999999
790,2564671.8146718144,35.55874939868594,129.32259522704194,39.419208,4,1.112958248
106,2911026.2529832935,35.558761520562896,129.32149229838885,66.11852099999999,4,0.5188016999999999
602,5426028.9210233595,35.55883120041368,129.2299331738245,29.688388999999997,2,1.8435297499999999
1039,3464196.101138776,35.55885373885593,129.22772723381692,192.250082,5,6.735010099999999
90,3209017.021929152,35.55886499294708,129.2266242628952,141.161719,5,3.031313968
1311,3073878.627968338,35.558882184632104,129.310462975743,39.771632,3,1.4185756
985,3511199.7545259283,35.55889869470038,129.22331534646548,93.932953,5,5.5085355499999995
78,2768439.1080617495,35.55946759802158,129.33915410364037,50.31992999999999,2,0.715
126,2264880.9523809524,35.55947987158289,129.33805117258734,38.730709,2,11.728307200000001
211,3811184.9390919157,35.559492135058754,129.33694824086774,49.610951,3,16.01280145
1035,4125435.5400696862,35.559528864973494,129.33363944171532,26.93249,4,6.9137077
399,2974946.532233425,35.559766270468934,129.22663802963208,85.898371,5,34.21772003
1435,3209852.734922861,35.55978874913409,129.2244320612713,174.91643899999997,4,15.169339848000002
1243,3315262.8706567218,35.559811187451096,129.22222609047012,274.053704,4,4.07738355
1169,5341326.93844924,35.55995992182484,129.114118115326,64.62252099999999,4,2.1499748000000003
1024,2658154.859967051,35.56038110957372,129.33806618708252,56.703582000000004,3,3.9448866
970,1897849.4623655914,35.56052761048078,129.32483081452565,44.771330999999996,2,3.71050285
1175,3583797.4683544305,35.560678792599276,129.22554880076228,50.262365,5,5.0072576
1436,3164466.5656784247,35.56069002725965,129.22444580393378,168.479692,4,9.665523488
1077,3446457.399103139,35.56070125183264,129.22334280649505,102.15834499999998,6,18.279762952
231,7590483.056957462,35.56114677459417,129.35021367854162,31.670506,3,53.13804175
1217,8662045.06065858,35.56115914982678,129.34911072950302,53.066258999999995,4,2.6038366999999996
586,3613114.1045958796,35.561404536410976,129.3270516083272,106.223271,5,5.2865433
434,2785337.805462386,35.56144099642485,129.32374271723558,135.371175,3,2.90327295
1081,6287850.46728972,35.56203562209645,129.35133179083272,8.262896,4,0.89104965
732,2646310.4325699746,35.56205854604843,129.26638767473585,100.36629200000002,3,12.790121999999998
691,8253481.894150418,35.5620603834659,129.34912586874566,32.80013,3,3.57182225
1215,6578691.588785047,35.56219584982686,129.33699324932994,68.571676,3,2.1669557499999996
203,3444852.4012336615,35.56231794198606,129.32596352535958,195.449657,4,5.298932599999999
396,2682745.8256029687,35.56306026225101,129.34031719473685,84.517526,2,4.005442899999999
430,2437587.657784011,35.563924581317394,129.34364120885584,50.001523,3,4.662513
449,7360259.433962264,35.56398606013596,129.33812625172925,77.876808,6,4.451833334000001
805,4099650.3496503495,35.56405950184337,129.33150828118306,38.915198999999994,4,14.2669968
673,1954648.5260770975,35.56435343869115,129.1263146425098,80.081097,4,4.435698341
674,1984597.8322875071,35.564363766441396,129.12521155592543,72.93851299999999,5,13.307613600000002
764,1767441.8604651163,35.56443577817417,129.1174899341606,25.862845,3,3.46532985
1245,1714285.7142857143,35.564446025204525,129.11638684310446,11.545050000000002,3,3.5752102999999997
528,4178217.8217821782,35.564773945518276,129.2653272817352,59.14721900000001,5,8.900703
171,8394444.444444444,35.564801153624295,129.3458622912545,16.835738999999997,2,7.578066999999999
1080,2731535.756154748,35.564813490143784,129.3447592901622,141.732825,2,10.669798449999998
22,8210731.707317073,35.56493630053261,129.33372924247968,28.605762,2,0.7610202
1067,3816079.873883342,35.56496074156074,129.33152322495152,49.867633999999995,6,5.605416099999999
164,1792592.5925925926,35.56524440979169,129.12743038716835,22.258861,4,4.76107655
896,2933716.965046888,35.56538822611885,129.11198695909044,137.190082,4,3.178814018
1147,2949464.3688868186,35.56539842303572,129.1108838529095,144.939989,4,0.43929064999999995
296,8372031.662269129,35.565665316620326,129.3491864324373,67.372984,3,1.6975243
1344,2738240.684178375,35.565702387927644,129.34587739615515,135.951783,4,3.6290777999999997
973,2217971.0144927534,35.5657639716868,129.34036232228078,58.21412999999999,3,6.3362151
131,3030480.1670146137,35.56593945852698,129.23997120949718,54.374071,4,10.484357415
1385,2770391.3248467706,35.56615605711737,129.1263399356478,72.558866,3,1.4924096
612,5946698.488464599,35.56626911489396,129.11420568080976,38.733781,3,0.6257921999999999
178,2507163.323782235,35.5663201011633,129.1086900881665,50.955361,4,0.7361279999999999
1182,2724955.1166965887,35.566591274667985,129.34699552683574,118.085274,2,0.37827172699999995
1198,1950639.8537477148,35.566665207885144,129.34037736613112,50.141909,2,5.2815852
122,7564086.687306502,35.56671429493539,129.3359652456302,40.599863,2,2.009663276
1074,6140709.561034275,35.56677230802457,129.24660356784523,66.487313,4,26.2795665
1272,6284657.534246575,35.5667837369854,129.2455004963013,64.891357,5,12.295019299999998
544,2793804.4530493706,35.56682935193477,129.24108820392408,65.47028800000001,4,18.2646814
1042,3061113.1320480173,35.56685209887289,129.23888205402213,54.813629,5,0.99487175
943,3710933.9750338397,35.56686345720775,129.2377789781447,152.44191399999997,5,2.5007180000000004
752,4378861.788617887,35.56687480545311,129.23667590165041,16.958734999999997,6,7.73455827
12,2033962.2641509434,35.56713971376985,129.11752757835714,37.167956999999994,4,2.1044972
768,3141005.498821681,35.56773062334099,129.24110213667385,205.705954,4,3.57204144
1273,3199462.7266621892,35.56774200223081,129.23999904968494,40.568947,4,1.1854404
893,3266786.472798562,35.56775337103085,129.23889596207815,132.346324,4,0.36
507,3310097.8753879205,35.56776472974105,129.2377928738538,71.105986,5,18.8918814
464,3263181.512227956,35.567776078361454,129.23668978501257,98.062701,4,16.28642665
1324,3154687.5,35.567787416891996,129.235586695555,70.189061,4,5.1
638,1786484.5434938893,35.56845538206585,129.34151050898237,55.403047,3,25.8368652
443,6364213.672020919,35.56859769626967,129.2444253643372,47.469142,5,4.5953818
549,6071682.044002838,35.568620505251864,129.24221916875976,33.91053899999999,5,6.425919749999999
341,5700310.024112986,35.56888063254004,129.12417158235138,44.278345,4,3.0984659999999997
445,3406301.824212272,35.56890124099597,129.12196528289488,83.053979,4,6.5274103
71,2884848.484848485,35.56927024753148,129.3492470068843,91.919387,4,6.4161385189999995
75,6134957.825679475,35.56949896626702,129.2444393353678,67.395247,4,5.476592749999999
880,6691726.16547669,35.56951037618021,129.24333622554101,47.469142,5,5.1407267999999995
1200,3722085.587801279,35.569733170191434,129.30733022876777,59.043606000000004,5,0.739083295
1457,5692578.702125241,35.569781941812145,129.12418420674695,134.717779,4,1.95342495
895,5585673.35243553,35.56979225142661,129.12308104494844,72.446132,4,0.631169
1456,3411967.5456389454,35.569802550949134,129.12197788259004,180.935216,4,1.9620853
589,3045507.584597433,35.57059839984315,129.31065419584726,81.766252,4,11.2903491
1014,3505657.0931244562,35.57062242194847,129.30844800252336,41.142627000000005,5,20.264241950000002
584,6256065.284516983,35.57132431708707,129.2422610096217,151.059648,5,3.02175345
1146,6143858.7379901325,35.57133570757221,129.24115787385864,75.070407,5,20.95829035
1433,4005988.023952096,35.572460875945175,129.30516801244056,50.625049000000004,5,1.387652304
1255,3974025.974025974,35.572472842383696,129.30406488815078,18.57397,4,14.830344549999998
212,3957055.2147239265,35.57248479873151,129.30296176321102,58.609032,4,0.14844464999999998
133,5975716.560509554,35.57311545628394,129.24339206646908,97.23837599999999,4,3.8189265000000003
611,6303618.711385702,35.573138248851635,129.24118574616296,93.174373,4,4.04930325
1137,2702702.7027027025,35.573314155746274,129.30959520585705,44.864279999999994,4,26.069431599999998
1393,5040178.571428572,35.57335014706715,129.30628580180084,32.871556999999996,5,1.59990125
700,6608378.870673953,35.5740167259614,129.24340602825063,54.260797,3,4.8049012
974,3849162.0111731845,35.574203384382315,129.31071305500777,29.139347,4,11.824371499999998
839,5076811.594202898,35.57502022102205,129.3184498596681,35.730233999999996,3,12.314710217000002
537,3793614.5952109466,35.575104630167324,129.31072777143106,92.606599,4,1.990599
353,2751269.035532995,35.575628297424835,129.34494044507449,58.682911,3,5.298501
107,2486845.4021548484,35.5756529499755,129.34273414456123,123.545843,4,11.066211
1468,5336219.336219336,35.5759335530013,129.3173614973521,20.680885,4,3.936991753
933,2716288.3845126834,35.576517188633595,129.34605870727523,41.76793,4,3.2280515999999997
1303,4872829.657437823,35.57683479611674,129.317376289188,52.27854099999999,4,0.49728575799999997
758,4957940.991839297,35.576883053286174,129.31296356984052,35.330123,5,0.49994635
1404,2761471.2308812817,35.57830730072718,129.34719212081922,76.12787499999999,4,5.008326653999999
16,2673057.5176589303,35.57834432863438,129.34388256190942,53.349838,4,7.929832599999998
864,3547110.73156846,35.57835665108545,129.34277937426566,73.131782,5,6.161986977
205,2640962.150689777,35.57922088565573,129.34610405014902,78.025611,4,26.5898969
1270,3028634.3612334803,35.57923322869929,129.3450008514938,27.606924999999997,4,7.164550200000001
1484,3232972.6288987906,35.58012211771602,129.34611916578228,128.667971,3,4.430057099999999
1083,3093080.220453154,35.58014679452583,129.3439127430966,37.156322,4,3.2408700999999995
1073,5265190.767781441,35.581713184564975,129.36490430307214,57.946006,5,4.6158827
1196,5444316.877152698,35.581725700421245,129.3638010788415,65.274578,5,7.322157499999999
1197,5032437.442075997,35.58173820618418,129.36269785393108,68.338116,4,1.16372075
1337,4456703.014753046,35.58258934639965,129.36712610185793,48.216467,4,7.666993999999999
1107,4957219.251336899,35.58260188285668,129.3660228666353,71.677186,4,23.115825249999997
57,4060263.6534839924,35.58352815041814,129.3638317101337,54.206908999999996,4,3.2991996500000003
117,4067796.6101694917,35.583540657007454,129.36272846051568,87.39705099999999,4,0.7738816
1300,4453292.496171516,35.584391793632605,129.36715680863549,19.592361,4,1.3457891999999998
318,4957219.251336899,35.584404330918034,129.36605354870443,69.202386,5,17.747009
748,4034934.497816594,35.58445437911676,129.361640502175,61.283958,6,10.712768379
1041,4047111.839410078,35.58535560459042,129.3616557948106,51.311719000000004,3,14.8818159
491,4894941.634241245,35.586194240304025,129.36718751813947,40.97549,5,7.649496599999999
1366,4823929.961089494,35.5862067784179,129.3660842334977,41.904992,5,29.710771
593,4915544.675642595,35.588034272954076,129.36390830026343,24.138397,5,3.7807148999999995
217,4417736.289381564,35.588948006108886,129.36282029657568,26.495135000000005,5,5.1549055
281,4673323.823109843,35.588985472738905,129.359510321239,60.175499,5,9.4465804
1168,3718998.862343572,35.590700354525666,129.36726430382922,29.572629000000003,3,7.77057635
1495,3742331.288343558,35.591576465459156,129.36948637854007,24.294416999999996,3,1.07383525
32,3641418.563922942,35.61680661879139,129.447191202882,138.88904,5,1.6261349999999999
1194,3688628.59931674,35.626158800765445,129.3402678932516,98.52050999999999,9,9.6666715
649,4734837.278106509,35.626973616825985,129.3480099575253,73.824678,4,0.0
427,3898943.500229674,35.62706002797751,129.34028296953323,70.394894,5,9.53012515
994,4630486.078338839,35.62714594371772,129.33255594874507,22.376608,5,8.832
516,2846017.6991150444,35.627775475544034,129.35685602321604,23.989036999999996,4,1.1367325499999998
533,3276008.4925690023,35.62785006033265,129.35023285071406,76.231775,5,83.8597276
648,4005439.7098821397,35.627985853768436,129.33809030483405,81.15144499999998,5,38.94334644999999
209,3937212.863705972,35.62799813796178,129.3369864330064,41.443938,5,14.28770725
298,3973915.7762413574,35.6280104120443,129.335882560511,164.96050999999997,5,4.120271271999999
669,3981455.0641940087,35.628022676015966,129.3347786873485,111.377637,5,16.25
1069,3107683.7827853714,35.6287512835924,129.35024803977234,153.076696,5,24.180671800000002
1195,3543001.6863406408,35.62878844072095,129.34693640726542,38.571258,4,4.189419427
1133,3002290.950744559,35.62966490294162,129.3491593402938,102.713647,6,0.6975
1317,3047801.963294921,35.62967728906014,129.34805545040882,130.082535,5,3.41
482,5899291.896144768,35.63076309736344,129.3315120015453,34.932032,4,80.758033243
1444,2988201.20057959,35.63145495252969,129.35029361099316,114.254109,2,4.2248779
909,2907689.4153036284,35.631492113339256,129.34698186703918,136.88066600000002,4,6.8783937
966,5079301.075268817,35.63165209186067,129.3326309067959,25.651840999999997,3,1.9793298999999998
953,2874576.2711864407,35.632393337264745,129.34699702164258,96.143408,4,8.8582956
317,2443631.0395314787,35.63494779921361,129.36029002329857,65.614373,4,3.8543996
817,2448844.884488449,35.634960288918194,129.35918606587182,43.539730999999996,5,0.618768
247,2931372.5490196077,35.635097008199395,129.34704248948952,7.150746999999999,3,11.5925923
1448,2039091.806515301,35.63519567179306,129.33821074639496,123.774181,5,1.0987525269999998
1058,2678678.678678679,35.63587398777168,129.3580973889228,68.18362699999999,4,6.350947200000001
793,3003525.560312264,35.635998231563654,129.34705764678424,128.34714499999998,3,2.64
1478,2847457.627118644,35.6367752068933,129.3581126707579,51.321196,5,1.08454395
831,2517370.083261556,35.63678767719511,129.3570086872012,110.519359,4,2.7838735499999996
806,1668330.560177482,35.638058314829024,129.3239037662525,63.49214599999999,4,0.718614
1356,2581968.9119170983,35.63862746852961,129.35372719907144,151.280162,4,2.3608288
1242,3007225.1072476855,35.63952868887507,129.3537424333887,177.60607,4,1.6824666499999998
226,5331436.699857753,35.639541119952774,129.3526384099603,70.408902,4,7.5158926
1299,6152297.367062468,35.64042990908013,129.35375766838231,38.892610999999995,5,1.32503615
859,4958093.869731801,35.64045476194119,129.35154959607172,130.930755,4,9.21731685
267,5231863.442389758,35.642257203571354,129.35158001852884,36.094556999999995,3,17.593666
366,1998009.5541401275,35.645084542766,129.34058463576042,160.004307,5,1.32
1364,2099753.997539975,35.64509685490243,129.33948052991502,195.046854,5,0.3975
502,2331658.2914572866,35.65318323020038,129.34182468969948,60.69358,5,0.935198
1316,1805642.63322884,35.65860289203563,129.34081106126806,55.50986900000001,5,5.592074750000001
1125,1661399.5485327314,35.65947944654808,129.34303476803774,36.927065,5,10.011909649999998
460,2207941.80054562,35.65949178543421,129.34193046518615,94.91109900000001,5,3.91353685
552,2269072.7699530516,35.65955332802797,129.33640894087515,125.66705399999998,4,6.361936099999999
846,1908290.1554404146,35.66040533621991,129.34084126272958,56.712861,5,4.8968577500000015
